<?xml version='1.0' encoding='utf-8'?>
<kml xmlns="http://www.opengis.net/kml/2.2"><Document><name>Trạm KTTV từ Excel — tạm hiển thị WGS84, chưa xác minh hệ quy chiếu</name><Folder><name>Khí tượng</name><Placemark><name>Lai Châu</name><description>P Sông Đà, TX Mường Lay | Tọa độ nguồn: 22004’, 103009’. Chưa xác minh datum và vị trí.</description><Point><coordinates>103.150000000,22.066666667,0</coordinates></Point></Placemark><Placemark><name>Tam Đường</name><description>TX Lai Châu | Tọa độ nguồn: 22025', 103029’. Chưa xác minh datum và vị trí.</description><Point><coordinates>103.483333333,22.416666667,0</coordinates></Point></Placemark><Placemark><name>Mường Tè</name><description>TT Mường Tè, Mường Tè | Tọa độ nguồn: 22022’, 102050’. Chưa xác minh datum và vị trí.</description><Point><coordinates>102.833333333,22.366666667,0</coordinates></Point></Placemark><Placemark><name>Sìn Hồ</name><description>TT Sìn Hồ, Sìn Hồ | Tọa độ nguồn: 22022’, 103014’. Chưa xác minh datum và vị trí.</description><Point><coordinates>103.233333333,22.366666667,0</coordinates></Point></Placemark><Placemark><name>Than Uyên</name><description>TT Than Uyên, Than Uyên | Tọa độ nguồn: 21057’, 103053’. Chưa xác minh datum và vị trí.</description><Point><coordinates>103.883333333,21.950000000,0</coordinates></Point></Placemark><Placemark><name>Điện Biên</name><description>Thanh Xương, Điện Biên | Tọa độ nguồn: 21022’, 103000’. Chưa xác minh datum và vị trí.</description><Point><coordinates>103.000000000,21.366666667,0</coordinates></Point></Placemark><Placemark><name>Tuần Giáo</name><description>TT Tuần Giáo, Tuần Giáo | Tọa độ nguồn: 22035’, 103025’. Chưa xác minh datum và vị trí.</description><Point><coordinates>103.416666667,22.583333333,0</coordinates></Point></Placemark><Placemark><name>Pha Đin</name><description>Toả Tình,Tuần Giáo | Tọa độ nguồn: 21034’, 103031’. Chưa xác minh datum và vị trí.</description><Point><coordinates>103.516666667,21.566666667,0</coordinates></Point></Placemark><Placemark><name>Điện Biên Đông</name><description>TT Điện Biên Đông, Điện Biên Đông | Tọa độ nguồn: 21015’, 103015’. Chưa xác minh datum và vị trí.</description><Point><coordinates>103.250000000,21.250000000,0</coordinates></Point></Placemark><Placemark><name>Tủa Chùa</name><description>Tủa Chùa, Tủa Chùa | Tọa độ nguồn: 21055’, 103020’. Chưa xác minh datum và vị trí.</description><Point><coordinates>103.333333333,21.916666667,0</coordinates></Point></Placemark><Placemark><name>Mường Chà</name><description>TT Mường Chà, Mường Chà | Tọa độ nguồn: 21045', 103009’. Chưa xác minh datum và vị trí.</description><Point><coordinates>103.150000000,21.750000000,0</coordinates></Point></Placemark><Placemark><name>Mường Nhé</name><description>TT Mường Nhé, Mường Nhé | Tọa độ nguồn: 22010’, 102028’. Chưa xác minh datum và vị trí.</description><Point><coordinates>102.466666667,22.166666667,0</coordinates></Point></Placemark><Placemark><name>Sơn La</name><description>P Chiềng Lề, TX Sơn La | Tọa độ nguồn: 21020’, 103054’. Chưa xác minh datum và vị trí.</description><Point><coordinates>103.900000000,21.333333333,0</coordinates></Point></Placemark><Placemark><name>Quỳnh Nhai</name><description>Mường Chiên, Quỳnh Nhai | Tọa độ nguồn: 21051’, 103034’. Chưa xác minh datum và vị trí.</description><Point><coordinates>103.566666667,21.850000000,0</coordinates></Point></Placemark><Placemark><name>Phù Yên</name><description>TT Phù Yên, Phù Yên | Tọa độ nguồn: 21016’, 104038’. Chưa xác minh datum và vị trí.</description><Point><coordinates>104.633333333,21.266666667,0</coordinates></Point></Placemark><Placemark><name>Bắc Yên</name><description>TT Bắc Yên, Bắc Yên | Tọa độ nguồn: 21015’, 104025’. Chưa xác minh datum và vị trí.</description><Point><coordinates>104.416666667,21.250000000,0</coordinates></Point></Placemark><Placemark><name>Cò Nòi</name><description>Cò Nòi, Mai Sơn | Tọa độ nguồn: 21008’, 104009’. Chưa xác minh datum và vị trí.</description><Point><coordinates>104.150000000,21.133333333,0</coordinates></Point></Placemark><Placemark><name>Sông Mã</name><description>TT Sông Mã, Sông Mã | Tọa độ nguồn: 21004’, 103044’. Chưa xác minh datum và vị trí.</description><Point><coordinates>103.733333333,21.066666667,0</coordinates></Point></Placemark><Placemark><name>Yên Châu</name><description>TT Yên Châu, Yên Châu | Tọa độ nguồn: 21003’, 104018’. Chưa xác minh datum và vị trí.</description><Point><coordinates>104.300000000,21.050000000,0</coordinates></Point></Placemark><Placemark><name>Mộc Châu</name><description>TT Mộc Châu, Mộc Châu | Tọa độ nguồn: 20050’, 104041’. Chưa xác minh datum và vị trí.</description><Point><coordinates>104.683333333,20.833333333,0</coordinates></Point></Placemark><Placemark><name>Tạ Khoa (Tà Hộc)</name><description>Tà Hộc, Mai Sơn | Tọa độ nguồn: 21012’, 104021’. Chưa xác minh datum và vị trí.</description><Point><coordinates>104.350000000,21.200000000,0</coordinates></Point></Placemark><Placemark><name>Thuận Châu</name><description>TT Thuận Châu, Thuận Châu  | Tọa độ nguồn: 21028’, 103043’. Chưa xác minh datum và vị trí.</description><Point><coordinates>103.716666667,21.466666667,0</coordinates></Point></Placemark><Placemark><name>Mường La</name><description>Ít Ong, Mường La | Tọa độ nguồn: 21031’, 104002’. Chưa xác minh datum và vị trí.</description><Point><coordinates>104.033333333,21.516666667,0</coordinates></Point></Placemark><Placemark><name>Hoà Bình</name><description>P Tân Thịnh, TX Hoà Bình | Tọa độ nguồn: 20049’, 105020’. Chưa xác minh datum và vị trí.</description><Point><coordinates>105.333333333,20.816666667,0</coordinates></Point></Placemark><Placemark><name>Kim Bôi</name><description>TT Bo, Kim Bôi | Tọa độ nguồn: 20040’, 105032’. Chưa xác minh datum và vị trí.</description><Point><coordinates>105.533333333,20.666666667,0</coordinates></Point></Placemark><Placemark><name>Mai Châu</name><description>TT Mai Châu, Mai Châu | Tọa độ nguồn: 20039’, 105003’. Chưa xác minh datum và vị trí.</description><Point><coordinates>105.050000000,20.650000000,0</coordinates></Point></Placemark><Placemark><name>Chi Nê</name><description>TT Chi Nê, Lạc Thuỷ | Tọa độ nguồn: 20029’, 105047’. Chưa xác minh datum và vị trí.</description><Point><coordinates>105.783333333,20.483333333,0</coordinates></Point></Placemark><Placemark><name>Lạc Sơn</name><description>Liên Vũ, Lạc Sơn | Tọa độ nguồn: 20027’, 105027’. Chưa xác minh datum và vị trí.</description><Point><coordinates>105.450000000,20.450000000,0</coordinates></Point></Placemark><Placemark><name>Lào Cai</name><description>P Cốc Lếu, TX Lào Cai | Tọa độ nguồn: 22030’, 103058’. Chưa xác minh datum và vị trí.</description><Point><coordinates>103.966666667,22.500000000,0</coordinates></Point></Placemark><Placemark><name>Phố Ràng</name><description>Phố Ràng, Bảo Yên | Tọa độ nguồn: 22014’, 104028’. Chưa xác minh datum và vị trí.</description><Point><coordinates>104.466666667,22.233333333,0</coordinates></Point></Placemark><Placemark><name>Sa Pa</name><description>TT Sa Pa, Sa Pa | Tọa độ nguồn: 22021’, 103049’. Chưa xác minh datum và vị trí.</description><Point><coordinates>103.816666667,22.350000000,0</coordinates></Point></Placemark><Placemark><name>Bắc Hà</name><description>TT Bắc Hà, Bắc Hà | Tọa độ nguồn: 22032’, 104017’. Chưa xác minh datum và vị trí.</description><Point><coordinates>104.283333333,22.533333333,0</coordinates></Point></Placemark><Placemark><name>Hoàng Liên Sơn</name><description>Xuân Giao, Bảo Thắng | Tọa độ nguồn: 22019’, 104005’. Chưa xác minh datum và vị trí.</description><Point><coordinates>104.083333333,22.316666667,0</coordinates></Point></Placemark><Placemark><name>Mường Khương</name><description>Mường Khương, Mường Khương | Tọa độ nguồn: 22043’, 104007’. Chưa xác minh datum và vị trí.</description><Point><coordinates>104.116666667,22.716666667,0</coordinates></Point></Placemark><Placemark><name>Yên Bái</name><description>Minh Tân, TX. Yên Bái | Tọa độ nguồn: 21042’, 104052’. Chưa xác minh datum và vị trí.</description><Point><coordinates>104.866666667,21.700000000,0</coordinates></Point></Placemark><Placemark><name>Nghĩa Lộ (Văn Chấn)</name><description>TX Nghĩa Lộ, Văn Chấn | Tọa độ nguồn: 21035’, 104031’. Chưa xác minh datum và vị trí.</description><Point><coordinates>104.516666667,21.583333333,0</coordinates></Point></Placemark><Placemark><name>Lục Yên</name><description>Yên Thế, Lục Yên | Tọa độ nguồn: 22006’, 104043’. Chưa xác minh datum và vị trí.</description><Point><coordinates>104.716666667,22.100000000,0</coordinates></Point></Placemark><Placemark><name>Mù Cang Chải</name><description>Mù Cang Chải, Mù Cang Chải | Tọa độ nguồn: 21052’, 104003’. Chưa xác minh datum và vị trí.</description><Point><coordinates>104.050000000,21.866666667,0</coordinates></Point></Placemark><Placemark><name>Bắc Mê</name><description>Bắc Mê, Bắc Mê | Tọa độ nguồn: 22044’, 105022’. Chưa xác minh datum và vị trí.</description><Point><coordinates>105.366666667,22.733333333,0</coordinates></Point></Placemark><Placemark><name>Bắc Quang</name><description>Tân Quang, Bắc Quang | Tọa độ nguồn: 22030’, 104052’. Chưa xác minh datum và vị trí.</description><Point><coordinates>104.866666667,22.500000000,0</coordinates></Point></Placemark><Placemark><name>Hoàng Su Phì</name><description>Hoàng Su Phì, Hoàng Su Phì | Tọa độ nguồn: 22045’, 104041’. Chưa xác minh datum và vị trí.</description><Point><coordinates>104.683333333,22.750000000,0</coordinates></Point></Placemark><Placemark><name>Hà Giang</name><description>Nguyễn Trãi, TX  Hà Giang | Tọa độ nguồn: 22049’, 104058’. Chưa xác minh datum và vị trí.</description><Point><coordinates>104.966666667,22.816666667,0</coordinates></Point></Placemark><Placemark><name>Phó Bảng</name><description>Phó Bảng, Phó Bảng | Tọa độ nguồn: 23015’, 105011’. Chưa xác minh datum và vị trí.</description><Point><coordinates>105.183333333,23.250000000,0</coordinates></Point></Placemark><Placemark><name>Tuyên Quang</name><description>P Phan Thiết, TX Tuyên Quang | Tọa độ nguồn: 21049’, 105013’. Chưa xác minh datum và vị trí.</description><Point><coordinates>105.216666667,21.816666667,0</coordinates></Point></Placemark><Placemark><name>Chiêm Hoá</name><description>Vĩnh Lộc, Chiêm Hoá | Tọa độ nguồn: 22009’, 105016’. Chưa xác minh datum và vị trí.</description><Point><coordinates>105.266666667,22.150000000,0</coordinates></Point></Placemark><Placemark><name>Na Hang</name><description>Na Hang, Na Hang | Tọa độ nguồn: 22021’, 105023’. Chưa xác minh datum và vị trí.</description><Point><coordinates>105.383333333,22.350000000,0</coordinates></Point></Placemark><Placemark><name>Hàm Yên</name><description>TT Tân Yên, Hàm Yên | Tọa độ nguồn: 22004’, 105002’. Chưa xác minh datum và vị trí.</description><Point><coordinates>105.033333333,22.066666667,0</coordinates></Point></Placemark><Placemark><name>Thái Nguyên</name><description>P Trưng Vương, TP Thái Nguyên | Tọa độ nguồn: 21036’, 105050’. Chưa xác minh datum và vị trí.</description><Point><coordinates>105.833333333,21.600000000,0</coordinates></Point></Placemark><Placemark><name>Định Hoá</name><description>Chợ Chu, Định Hoá | Tọa độ nguồn: 21055’, 105038’. Chưa xác minh datum và vị trí.</description><Point><coordinates>105.633333333,21.916666667,0</coordinates></Point></Placemark><Placemark><name>Bắc Cạn</name><description>Sông Cầu, TX Bắc Cạn | Tọa độ nguồn: 22009’, 105050’. Chưa xác minh datum và vị trí.</description><Point><coordinates>105.833333333,22.150000000,0</coordinates></Point></Placemark><Placemark><name>Ngân Sơn</name><description>Ngân Sơn, Ngân Sơn | Tọa độ nguồn: 22026’, 105059’. Chưa xác minh datum và vị trí.</description><Point><coordinates>105.983333333,22.433333333,0</coordinates></Point></Placemark><Placemark><name>Chợ Đồn</name><description>Bằng Lũng, Chợ Đồn | Tọa độ nguồn: 22009’, 105035’. Chưa xác minh datum và vị trí.</description><Point><coordinates>105.583333333,22.150000000,0</coordinates></Point></Placemark><Placemark><name>Chợ Rã</name><description>Chợ Rã, Chợ Rã | Tọa độ nguồn: 22027’, 105043’. Chưa xác minh datum và vị trí.</description><Point><coordinates>105.716666667,22.450000000,0</coordinates></Point></Placemark><Placemark><name>Việt Trì</name><description>P Tân Dân, TP Việt Trì | Tọa độ nguồn: 21018’, 105025’. Chưa xác minh datum và vị trí.</description><Point><coordinates>105.416666667,21.300000000,0</coordinates></Point></Placemark><Placemark><name>Minh Đài</name><description>Minh Đài, Thanh Sơn | Tọa độ nguồn: 21010’, 105003’. Chưa xác minh datum và vị trí.</description><Point><coordinates>105.050000000,21.166666667,0</coordinates></Point></Placemark><Placemark><name>Phú Hộ</name><description>Phú Hộ, Phong Châu | Tọa độ nguồn: 21027’, 105014’. Chưa xác minh datum và vị trí.</description><Point><coordinates>105.233333333,21.450000000,0</coordinates></Point></Placemark><Placemark><name>Vĩnh Yên</name><description>Bảo Liên, TX Vĩnh Yên | Tọa độ nguồn: 21019’, 105036’. Chưa xác minh datum và vị trí.</description><Point><coordinates>105.600000000,21.316666667,0</coordinates></Point></Placemark><Placemark><name>Tam Đảo</name><description>Tam Đảo, TX Vĩnh Yên | Tọa độ nguồn: 21028’, 105039’. Chưa xác minh datum và vị trí.</description><Point><coordinates>105.650000000,21.466666667,0</coordinates></Point></Placemark><Placemark><name>Cao Bằng</name><description>Sông Hiến, TX Cao Bằng | Tọa độ nguồn: 22040’, 106015’. Chưa xác minh datum và vị trí.</description><Point><coordinates>106.250000000,22.666666667,0</coordinates></Point></Placemark><Placemark><name>Bảo Lạc</name><description>Bảo Lạc, Bảo Lạc | Tọa độ nguồn: 22057’, 105040’. Chưa xác minh datum và vị trí.</description><Point><coordinates>105.666666667,22.950000000,0</coordinates></Point></Placemark><Placemark><name>Nguyên Bình</name><description>Nguyên Bình, Nguyên Bình | Tọa độ nguồn: 22039’, 105057’. Chưa xác minh datum và vị trí.</description><Point><coordinates>105.950000000,22.650000000,0</coordinates></Point></Placemark><Placemark><name>Trùng Khánh</name><description>Trùng Khánh, Trùng Khánh | Tọa độ nguồn: 22050’, 106031’. Chưa xác minh datum và vị trí.</description><Point><coordinates>106.516666667,22.833333333,0</coordinates></Point></Placemark><Placemark><name>Lạng Sơn</name><description>Quang Lạc, TX Lạng Sơn | Tọa độ nguồn: 21050’, 106046’. Chưa xác minh datum và vị trí.</description><Point><coordinates>106.766666667,21.833333333,0</coordinates></Point></Placemark><Placemark><name>Hữu Lũng</name><description>Hữu Lũng, Hữu Lũng | Tọa độ nguồn: 21030’, 106021’. Chưa xác minh datum và vị trí.</description><Point><coordinates>106.350000000,21.500000000,0</coordinates></Point></Placemark><Placemark><name>Thất Khê</name><description>Thất Khê, Tràng Định | Tọa độ nguồn: 22015’, 106028’. Chưa xác minh datum và vị trí.</description><Point><coordinates>106.466666667,22.250000000,0</coordinates></Point></Placemark><Placemark><name>Bắc Sơn</name><description>Bắc Sơn, Bắc Sơn | Tọa độ nguồn: 21054’, 106019’. Chưa xác minh datum và vị trí.</description><Point><coordinates>106.316666667,21.900000000,0</coordinates></Point></Placemark><Placemark><name>Đình Lập</name><description>Đình Lập, Đình Lập | Tọa độ nguồn: 21032’, 107006’. Chưa xác minh datum và vị trí.</description><Point><coordinates>107.100000000,21.533333333,0</coordinates></Point></Placemark><Placemark><name>Mẫu Sơn</name><description>Mẫu Sơn, Cao Lộc | Tọa độ nguồn: 21051’, 106057’. Chưa xác minh datum và vị trí.</description><Point><coordinates>106.950000000,21.850000000,0</coordinates></Point></Placemark><Placemark><name>Bắc Ninh</name><description>Đại Phú, TX Bắc Ninh | Tọa độ nguồn: 21011’, 106005’. Chưa xác minh datum và vị trí.</description><Point><coordinates>106.083333333,21.183333333,0</coordinates></Point></Placemark><Placemark><name>Bắc Giang</name><description>Nguyên Hãn, TX Bắc Giang | Tọa độ nguồn: 21018’, 106013’. Chưa xác minh datum và vị trí.</description><Point><coordinates>106.216666667,21.300000000,0</coordinates></Point></Placemark><Placemark><name>Sơn Động</name><description>An Châu, Sơn Động | Tọa độ nguồn: 21020’, 106051’. Chưa xác minh datum và vị trí.</description><Point><coordinates>106.850000000,21.333333333,0</coordinates></Point></Placemark><Placemark><name>Lục Ngạn</name><description>Chũ, Lục Ngạn | Tọa độ nguồn: 21023’, 106033’. Chưa xác minh datum và vị trí.</description><Point><coordinates>106.550000000,21.383333333,0</coordinates></Point></Placemark><Placemark><name>Hiệp Hoà</name><description>Đức Thắng, Hiệp Hoà | Tọa độ nguồn: 21021’, 105058’. Chưa xác minh datum và vị trí.</description><Point><coordinates>105.966666667,21.350000000,0</coordinates></Point></Placemark><Placemark><name>Bãi Cháy</name><description>Bãi Cháy, TP Hạ Long | Tọa độ nguồn: 20058’, 107004’. Chưa xác minh datum và vị trí.</description><Point><coordinates>107.066666667,20.966666667,0</coordinates></Point></Placemark><Placemark><name>Quảng Hà</name><description>Hà Cối, Quảng Hà | Tọa độ nguồn: 21027’, 107045’. Chưa xác minh datum và vị trí.</description><Point><coordinates>107.750000000,21.450000000,0</coordinates></Point></Placemark><Placemark><name>Cô Tô</name><description>Cô Tô, Cô Tô | Tọa độ nguồn: 20059’, 107046’. Chưa xác minh datum và vị trí.</description><Point><coordinates>107.766666667,20.983333333,0</coordinates></Point></Placemark><Placemark><name>Cửa Ông</name><description>Cửa Ông, Cẩm Phả | Tọa độ nguồn: 21001’, 107021’. Chưa xác minh datum và vị trí.</description><Point><coordinates>107.350000000,21.016666667,0</coordinates></Point></Placemark><Placemark><name>Uông Bí</name><description>Phương Đông, Uông Bí | Tọa độ nguồn: 21002’, 106045’. Chưa xác minh datum và vị trí.</description><Point><coordinates>106.750000000,21.033333333,0</coordinates></Point></Placemark><Placemark><name>Tiên Yên</name><description>Tiên Yên, Tiên Yên | Tọa độ nguồn: 21020’, 107024’. Chưa xác minh datum và vị trí.</description><Point><coordinates>107.400000000,21.333333333,0</coordinates></Point></Placemark><Placemark><name>Móng Cái</name><description>Hải Xuân, Hải Ninh | Tọa độ nguồn: 21031’, 107058’. Chưa xác minh datum và vị trí.</description><Point><coordinates>107.966666667,21.516666667,0</coordinates></Point></Placemark><Placemark><name>Phù Liễn</name><description>Phù Liễn, Q Kiến An | Tọa độ nguồn: 20048’, 106038’. Chưa xác minh datum và vị trí.</description><Point><coordinates>106.633333333,20.800000000,0</coordinates></Point></Placemark><Placemark><name>Bạch Long Vĩ</name><description>Bạch Long Vĩ, Đ Bạch Long Vĩ | Tọa độ nguồn: 20008’, 107043’. Chưa xác minh datum và vị trí.</description><Point><coordinates>107.716666667,20.133333333,0</coordinates></Point></Placemark><Placemark><name>Hòn Dấu</name><description>Hòn Dấu, Đồ Sơn | Tọa độ nguồn: 20040’, 106048’. Chưa xác minh datum và vị trí.</description><Point><coordinates>106.800000000,20.666666667,0</coordinates></Point></Placemark><Placemark><name>Cát Bà</name><description>Cát Bà, Cát Hải | Tọa độ nguồn: 20043’, 107004’. Chưa xác minh datum và vị trí.</description><Point><coordinates>107.066666667,20.716666667,0</coordinates></Point></Placemark><Placemark><name>Láng</name><description>Láng Thượng, Đống Đa | Tọa độ nguồn: 21001’, 105048’. Chưa xác minh datum và vị trí.</description><Point><coordinates>105.800000000,21.016666667,0</coordinates></Point></Placemark><Placemark><name>Hà Nội</name><description>Láng Thượng, Đống Đa | Tọa độ nguồn: 21002’, 105048’. Chưa xác minh datum và vị trí.</description><Point><coordinates>105.800000000,21.033333333,0</coordinates></Point></Placemark><Placemark><name>Ba Vì</name><description>Tản Lĩnh, Ba Vì | Tọa độ nguồn: 21009’, 105025’. Chưa xác minh datum và vị trí.</description><Point><coordinates>105.416666667,21.150000000,0</coordinates></Point></Placemark><Placemark><name>Sơn Tây</name><description>Quang Trung, TX Sơn Tây | Tọa độ nguồn: 21008’, 105030’. Chưa xác minh datum và vị trí.</description><Point><coordinates>105.500000000,21.133333333,0</coordinates></Point></Placemark><Placemark><name>Hà Đông</name><description>Ba La, TX Hà Đông | Tọa độ nguồn: 20058’, 105045’. Chưa xác minh datum và vị trí.</description><Point><coordinates>105.750000000,20.966666667,0</coordinates></Point></Placemark><Placemark><name>Hoài Đức</name><description>TT Nhổn, Hoài Đức | Tọa độ nguồn: 21o04', 105045'. Chưa xác minh datum và vị trí.</description><Point><coordinates>105.750000000,21.066666667,0</coordinates></Point></Placemark><Placemark><name>Hải Dương</name><description>Việt Hoà, TX Hải Dương | Tọa độ nguồn: 20056’, 106018’. Chưa xác minh datum và vị trí.</description><Point><coordinates>106.300000000,20.933333333,0</coordinates></Point></Placemark><Placemark><name>Chí Linh</name><description>Sao Đỏ, Chí Linh | Tọa độ nguồn: 21005’, 106023’. Chưa xác minh datum và vị trí.</description><Point><coordinates>106.383333333,21.083333333,0</coordinates></Point></Placemark><Placemark><name>Hưng Yên</name><description>Hiến Nam, TX Hưng Yên | Tọa độ nguồn: 20039’, 106003’. Chưa xác minh datum và vị trí.</description><Point><coordinates>106.050000000,20.650000000,0</coordinates></Point></Placemark><Placemark><name>Thái Bình</name><description>Vũ Ninh, Kiến Xương | Tọa độ nguồn: 20027’, 106021’. Chưa xác minh datum và vị trí.</description><Point><coordinates>106.350000000,20.450000000,0</coordinates></Point></Placemark><Placemark><name>Ba Lạt</name><description>Nam Phú, Tiền Hải | Tọa độ nguồn: 20017’, 106035’. Chưa xác minh datum và vị trí.</description><Point><coordinates>106.583333333,20.283333333,0</coordinates></Point></Placemark><Placemark><name>Hà Nam</name><description>Thanh Châu, TX Phủ Lý | Tọa độ nguồn: 20033’, 105055’. Chưa xác minh datum và vị trí.</description><Point><coordinates>105.916666667,20.550000000,0</coordinates></Point></Placemark><Placemark><name>Nam Định</name><description>Lộc Hoà, Nam Định | Tọa độ nguồn: 20024’, 106009’. Chưa xác minh datum và vị trí.</description><Point><coordinates>106.150000000,20.400000000,0</coordinates></Point></Placemark><Placemark><name>Văn Lý</name><description>Hải Chính, Hải Hậu | Tọa độ nguồn: 20007’, 106018’. Chưa xác minh datum và vị trí.</description><Point><coordinates>106.300000000,20.116666667,0</coordinates></Point></Placemark><Placemark><name>Ninh Bình</name><description>Đinh Tiên Hoàng, TX Ninh Bình | Tọa độ nguồn: 20014’, 105058’. Chưa xác minh datum và vị trí.</description><Point><coordinates>105.966666667,20.233333333,0</coordinates></Point></Placemark><Placemark><name>Nho Quan</name><description>Nho Quan, Hoàng Long | Tọa độ nguồn: 20020’, 105044’. Chưa xác minh datum và vị trí.</description><Point><coordinates>105.733333333,20.333333333,0</coordinates></Point></Placemark><Placemark><name>Thanh Hoá</name><description>Quảng Thịnh, Quảng Xương | Tọa độ nguồn: 19045’, 105047’. Chưa xác minh datum và vị trí.</description><Point><coordinates>105.783333333,19.750000000,0</coordinates></Point></Placemark><Placemark><name>Yên Định</name><description>Định Tường, Yên Định | Tọa độ nguồn: 19059’, 105040’. Chưa xác minh datum và vị trí.</description><Point><coordinates>105.666666667,19.983333333,0</coordinates></Point></Placemark><Placemark><name>Hồi Xuân</name><description>Hồi Xuân, Quan Hoá | Tọa độ nguồn: 20022’, 105007’. Chưa xác minh datum và vị trí.</description><Point><coordinates>105.116666667,20.366666667,0</coordinates></Point></Placemark><Placemark><name>Như Xuân</name><description>Bến Sung, Như Thanh | Tọa độ nguồn: 19038’, 105034’. Chưa xác minh datum và vị trí.</description><Point><coordinates>105.566666667,19.633333333,0</coordinates></Point></Placemark><Placemark><name>Tĩnh Gia</name><description>Tĩnh Gia, Tĩnh Gia | Tọa độ nguồn: 19027’, 105047’. Chưa xác minh datum và vị trí.</description><Point><coordinates>105.783333333,19.450000000,0</coordinates></Point></Placemark><Placemark><name>Bái Thượng</name><description>Bái Thượng, Thọ Xuân | Tọa độ nguồn: 19054’, 105023’. Chưa xác minh datum và vị trí.</description><Point><coordinates>105.383333333,19.900000000,0</coordinates></Point></Placemark><Placemark><name>Sầm Sơn</name><description>Sầm Sơn, TX Sầm Sơn | Tọa độ nguồn: 19045’, 105054’. Chưa xác minh datum và vị trí.</description><Point><coordinates>105.900000000,19.750000000,0</coordinates></Point></Placemark><Placemark><name>Mường Lát</name><description>Mường Lát, Mường Lát | Tọa độ nguồn: 20033’, 104038’. Chưa xác minh datum và vị trí.</description><Point><coordinates>104.633333333,20.550000000,0</coordinates></Point></Placemark><Placemark><name>Nga Sơn</name><description>Nga Sơn, Nga Sơn | Tọa độ nguồn: 20001’, 105058’. Chưa xác minh datum và vị trí.</description><Point><coordinates>105.966666667,20.016666667,0</coordinates></Point></Placemark><Placemark><name>Cẩm Thuỷ</name><description>Cẩm Thuỷ, Cẩm Thuỷ | Tọa độ nguồn: 20013’, 105028’. Chưa xác minh datum và vị trí.</description><Point><coordinates>105.466666667,20.216666667,0</coordinates></Point></Placemark><Placemark><name>Hòn Mê</name><description>Hòn Mê, Tĩnh Gia | Tọa độ nguồn: 19022’, 105057’. Chưa xác minh datum và vị trí.</description><Point><coordinates>105.950000000,19.366666667,0</coordinates></Point></Placemark><Placemark><name>Vinh</name><description>Cửa Nam, TP Vinh | Tọa độ nguồn: 18040’, 105042’. Chưa xác minh datum và vị trí.</description><Point><coordinates>105.700000000,18.666666667,0</coordinates></Point></Placemark><Placemark><name>Đô Lương</name><description>Đô Lương, Đô Lương | Tọa độ nguồn: 18054’, 105018’. Chưa xác minh datum và vị trí.</description><Point><coordinates>105.300000000,18.900000000,0</coordinates></Point></Placemark><Placemark><name>Tây Hiếu</name><description>Tây Hiếu, Nghĩa Đàn | Tọa độ nguồn: 19019’, 105024’. Chưa xác minh datum và vị trí.</description><Point><coordinates>105.400000000,19.316666667,0</coordinates></Point></Placemark><Placemark><name>Quỳ Châu</name><description>Quỳ Châu, Quỳ Châu | Tọa độ nguồn: 19034’, 105007’. Chưa xác minh datum và vị trí.</description><Point><coordinates>105.116666667,19.566666667,0</coordinates></Point></Placemark><Placemark><name>Quỳ Hợp</name><description>Quỳ Hợp, Quỳ Hợp | Tọa độ nguồn: 19019’, 105009’. Chưa xác minh datum và vị trí.</description><Point><coordinates>105.150000000,19.316666667,0</coordinates></Point></Placemark><Placemark><name>Quỳnh Lưu</name><description>Cầu Giát, Quỳnh Lưu | Tọa độ nguồn: 19010’, 105038’. Chưa xác minh datum và vị trí.</description><Point><coordinates>105.633333333,19.166666667,0</coordinates></Point></Placemark><Placemark><name>Con Cuông</name><description>Con Cuông, Con Cuông | Tọa độ nguồn: 19003’, 104053’. Chưa xác minh datum và vị trí.</description><Point><coordinates>104.883333333,19.050000000,0</coordinates></Point></Placemark><Placemark><name>Hòn Ngư</name><description>Hòn Ngư, TX Cửa Lò | Tọa độ nguồn: 18048’, 105046’. Chưa xác minh datum và vị trí.</description><Point><coordinates>105.766666667,18.800000000,0</coordinates></Point></Placemark><Placemark><name>Tương Dương</name><description>Tương Dương, Tương Dương | Tọa độ nguồn: 19017’, 104026’. Chưa xác minh datum và vị trí.</description><Point><coordinates>104.433333333,19.283333333,0</coordinates></Point></Placemark><Placemark><name>Nghi Kim</name><description>Cửa Nam, TP Vinh | Tọa độ nguồn: 18040’, 105042’. Chưa xác minh datum và vị trí.</description><Point><coordinates>105.700000000,18.666666667,0</coordinates></Point></Placemark><Placemark><name>Mường Xén</name><description>Mường Xén, Mường Xén | Tọa độ nguồn: 19024’, 104010’. Chưa xác minh datum và vị trí.</description><Point><coordinates>104.166666667,19.400000000,0</coordinates></Point></Placemark><Placemark><name>Quế Phong</name><description>Mường Loóng, Quế Phong | Tọa độ nguồn: 19039’, 104047’. Chưa xác minh datum và vị trí.</description><Point><coordinates>104.783333333,19.650000000,0</coordinates></Point></Placemark><Placemark><name>Hà Tĩnh</name><description>Nam Hà, TX Hà Tĩnh | Tọa độ nguồn: 18021’, 105054’. Chưa xác minh datum và vị trí.</description><Point><coordinates>105.900000000,18.350000000,0</coordinates></Point></Placemark><Placemark><name>Kỳ Anh</name><description>TT Kỳ Anh, Kỳ Anh | Tọa độ nguồn: 18005’, 106017’. Chưa xác minh datum và vị trí.</description><Point><coordinates>106.283333333,18.083333333,0</coordinates></Point></Placemark><Placemark><name>Hương Sơn</name><description>Phố Châu, Hương Sơn | Tọa độ nguồn: 18031’, 105026’. Chưa xác minh datum và vị trí.</description><Point><coordinates>105.433333333,18.516666667,0</coordinates></Point></Placemark><Placemark><name>Hoành Sơn</name><description>Kỳ Nam, Kỳ Anh | Tọa độ nguồn: 17057’, 106027’. Chưa xác minh datum và vị trí.</description><Point><coordinates>106.450000000,17.950000000,0</coordinates></Point></Placemark><Placemark><name>Hương Khê</name><description>Hương Phố, Hương Khê | Tọa độ nguồn: 18011’, 105043’. Chưa xác minh datum và vị trí.</description><Point><coordinates>105.716666667,18.183333333,0</coordinates></Point></Placemark><Placemark><name>Đồng Hới</name><description>P Bắc Lý, TX Đồng Hới | Tọa độ nguồn: 17029’, 106036’. Chưa xác minh datum và vị trí.</description><Point><coordinates>106.600000000,17.483333333,0</coordinates></Point></Placemark><Placemark><name>Ba Đồn</name><description>Quảng Thọ, Quảng Trạch | Tọa độ nguồn: 17045’, 106025’. Chưa xác minh datum và vị trí.</description><Point><coordinates>106.416666667,17.750000000,0</coordinates></Point></Placemark><Placemark><name>Tuyên Hoá</name><description>Lê Hoá, Tuyên Hoá | Tọa độ nguồn: 17053’, 106001’. Chưa xác minh datum và vị trí.</description><Point><coordinates>106.016666667,17.883333333,0</coordinates></Point></Placemark><Placemark><name>Lệ Thuỷ</name><description>Kiến Giang, Lệ Thuỷ | Tọa độ nguồn: 17015’, 106048’. Chưa xác minh datum và vị trí.</description><Point><coordinates>106.800000000,17.250000000,0</coordinates></Point></Placemark><Placemark><name>Đông Hà</name><description>TX Đông Hà, TX Đông Hà | Tọa độ nguồn: 16051’, 107005’. Chưa xác minh datum và vị trí.</description><Point><coordinates>107.083333333,16.850000000,0</coordinates></Point></Placemark><Placemark><name>Khe Sanh</name><description>Khe Sanh, Hương Hoá | Tọa độ nguồn: 16038’, 106044’. Chưa xác minh datum và vị trí.</description><Point><coordinates>106.733333333,16.633333333,0</coordinates></Point></Placemark><Placemark><name>Cồn Cỏ</name><description>Cồn Cỏ, Vĩnh Linh | Tọa độ nguồn: 17010’, 107020’. Chưa xác minh datum và vị trí.</description><Point><coordinates>107.333333333,17.166666667,0</coordinates></Point></Placemark><Placemark><name>Huế</name><description>Thuỷ Bằng, Hương Thuỷ | Tọa độ nguồn: 16026’, 107035’. Chưa xác minh datum và vị trí.</description><Point><coordinates>107.583333333,16.433333333,0</coordinates></Point></Placemark><Placemark><name>A Lưới</name><description>Hồng Thượng, A Lưới | Tọa độ nguồn: 16013’, 107017’. Chưa xác minh datum và vị trí.</description><Point><coordinates>107.283333333,16.216666667,0</coordinates></Point></Placemark><Placemark><name>Nam Đông</name><description>Thượng Lộ, Nam Đông | Tọa độ nguồn: 16010’, 107043’. Chưa xác minh datum và vị trí.</description><Point><coordinates>107.716666667,16.166666667,0</coordinates></Point></Placemark><Placemark><name>Tam Kỳ</name><description>Tam An, TX Tam Kỳ | Tọa độ nguồn: 15034’, 108028’. Chưa xác minh datum và vị trí.</description><Point><coordinates>108.466666667,15.566666667,0</coordinates></Point></Placemark><Placemark><name>Trà My</name><description>Trà My, Trà My | Tọa độ nguồn: 15020’, 108015’. Chưa xác minh datum và vị trí.</description><Point><coordinates>108.250000000,15.333333333,0</coordinates></Point></Placemark><Placemark><name>Cù Lao Chàm</name><description>Tân Hiệp, Tân Hiệp | Tọa độ nguồn: 15057’, 108032’. Chưa xác minh datum và vị trí.</description><Point><coordinates>108.533333333,15.950000000,0</coordinates></Point></Placemark><Placemark><name>Khâm Đức</name><description>Khâm Đức, Phước Sơn | Tọa độ nguồn: 15028’, 107049’. Chưa xác minh datum và vị trí.</description><Point><coordinates>107.816666667,15.466666667,0</coordinates></Point></Placemark><Placemark><name>Đà Nẵng</name><description>P Hoà Thuận, TP Đà Nẵng | Tọa độ nguồn: 16002’, 108012’. Chưa xác minh datum và vị trí.</description><Point><coordinates>108.200000000,16.033333333,0</coordinates></Point></Placemark><Placemark><name>Hoàng Sa</name><description>Hoàng Sa, Đảo Hoàng Sa | Tọa độ nguồn: 16033’, 111037’. Chưa xác minh datum và vị trí.</description><Point><coordinates>111.616666667,16.550000000,0</coordinates></Point></Placemark><Placemark><name>Bà Nà</name><description>Hoà Ninh, Hoà Vang | Tọa độ nguồn: 16000’, 108000’. Chưa xác minh datum và vị trí.</description><Point><coordinates>108.000000000,16.000000000,0</coordinates></Point></Placemark><Placemark><name>Quảng Ngãi</name><description>P Trần Phú, TX Quảng Ngãi | Tọa độ nguồn: 15007’, 108048’. Chưa xác minh datum và vị trí.</description><Point><coordinates>108.800000000,15.116666667,0</coordinates></Point></Placemark><Placemark><name>Ba Tơ</name><description>Ba Tơ, Ba Tơ | Tọa độ nguồn: 14046’, 108044’. Chưa xác minh datum và vị trí.</description><Point><coordinates>108.733333333,14.766666667,0</coordinates></Point></Placemark><Placemark><name>Lý Sơn</name><description>Lý Hải, Lý Sơn | Tọa độ nguồn: 15023’, 109009’. Chưa xác minh datum và vị trí.</description><Point><coordinates>109.150000000,15.383333333,0</coordinates></Point></Placemark><Placemark><name>Dung Quất</name><description>Bình Thuận, Bình Sơn | Tọa độ nguồn: 15023’, 108048’. Chưa xác minh datum và vị trí.</description><Point><coordinates>108.800000000,15.383333333,0</coordinates></Point></Placemark><Placemark><name>Phù Mỹ</name><description>Phù Mỹ, Phù Mỹ | Tọa độ nguồn: 14011’, 109004’. Chưa xác minh datum và vị trí.</description><Point><coordinates>109.066666667,14.183333333,0</coordinates></Point></Placemark><Placemark><name>Quy Nhơn</name><description>P Trần Phú, TP Quy Nhơn | Tọa độ nguồn: 13046’, 109013’. Chưa xác minh datum và vị trí.</description><Point><coordinates>109.216666667,13.766666667,0</coordinates></Point></Placemark><Placemark><name>Hoài Nhơn</name><description>Hoài Hảo, Hoài Nhơn | Tọa độ nguồn: 14031’, 109002’. Chưa xác minh datum và vị trí.</description><Point><coordinates>109.033333333,14.516666667,0</coordinates></Point></Placemark><Placemark><name>An Nhơn</name><description>Nhơn Hưng, An Nhơn | Tọa độ nguồn: 13052’, 109007’. Chưa xác minh datum và vị trí.</description><Point><coordinates>109.116666667,13.866666667,0</coordinates></Point></Placemark><Placemark><name>Nha Trang</name><description>P Vĩnh Nguyên, TP Nha Trang | Tọa độ nguồn: 12013’, 109012’. Chưa xác minh datum và vị trí.</description><Point><coordinates>109.200000000,12.216666667,0</coordinates></Point></Placemark><Placemark><name>Cam Ranh</name><description>Ba Ngòi, Cam Ranh | Tọa độ nguồn: 11055’, 109009’. Chưa xác minh datum và vị trí.</description><Point><coordinates>109.150000000,11.916666667,0</coordinates></Point></Placemark><Placemark><name>Trường Sa</name><description>Trường Sa Lớn, Trường Sa | Tọa độ nguồn: 8039’, 111055’. Chưa xác minh datum và vị trí.</description><Point><coordinates>111.916666667,8.650000000,0</coordinates></Point></Placemark><Placemark><name>Song Tử Tây</name><description>Song Tử Tây, Trường Sa | Tọa độ nguồn: 11025’, 114020’. Chưa xác minh datum và vị trí.</description><Point><coordinates>114.333333333,11.416666667,0</coordinates></Point></Placemark><Placemark><name>Sinh Tồn</name><description>Đảo Sinh Tồn, Trường Sa | Tọa độ nguồn: 9o50', 114020’. Chưa xác minh datum và vị trí.</description><Point><coordinates>114.333333333,9.833333333,0</coordinates></Point></Placemark><Placemark><name>Hòn Lớn</name><description>Vạn Thạnh, Hòn Lớn | Tọa độ nguồn: 12033’, 109022’. Chưa xác minh datum và vị trí.</description><Point><coordinates>109.366666667,12.550000000,0</coordinates></Point></Placemark><Placemark><name>Tuy Hoà</name><description>Phường II, TX Tuy Hoà | Tọa độ nguồn: 13005’, 109017’. Chưa xác minh datum và vị trí.</description><Point><coordinates>109.283333333,13.083333333,0</coordinates></Point></Placemark><Placemark><name>Sơn Hoà (Củng Sơn)</name><description>Sơn Bình, Tây Sơn | Tọa độ nguồn: 13003’, 108059’. Chưa xác minh datum và vị trí.</description><Point><coordinates>108.983333333,13.050000000,0</coordinates></Point></Placemark><Placemark><name>Sông cầu</name><description>Sông Cầu, Sông Cầu | Tọa độ nguồn: 13028’, 109014’. Chưa xác minh datum và vị trí.</description><Point><coordinates>109.233333333,13.466666667,0</coordinates></Point></Placemark><Placemark><name>Phan Rang</name><description>Phước Mỹ, TX Phan Rang | Tọa độ nguồn: 11035’, 108059’. Chưa xác minh datum và vị trí.</description><Point><coordinates>108.983333333,11.583333333,0</coordinates></Point></Placemark><Placemark><name>Phan Thiết</name><description>Phú Trinh, TX Phan Thiết | Tọa độ nguồn: 10056’, 108006’. Chưa xác minh datum và vị trí.</description><Point><coordinates>108.100000000,10.933333333,0</coordinates></Point></Placemark><Placemark><name>Hàm Tân</name><description>Tân An, Hàm Tân | Tọa độ nguồn: 10041’, 107046’. Chưa xác minh datum và vị trí.</description><Point><coordinates>107.766666667,10.683333333,0</coordinates></Point></Placemark><Placemark><name>Phú Quý</name><description>Ngũ Phụng, Phú Quý | Tọa độ nguồn: 10031’, 108056’. Chưa xác minh datum và vị trí.</description><Point><coordinates>108.933333333,10.516666667,0</coordinates></Point></Placemark><Placemark><name>Phan Rí</name><description>Phan Hiệp, Bắc Bình | Tọa độ nguồn: 11012’, 108030’. Chưa xác minh datum và vị trí.</description><Point><coordinates>108.500000000,11.200000000,0</coordinates></Point></Placemark><Placemark><name>Kon Tum</name><description>Quyết Tiến, Kon Tum | Tọa độ nguồn: 14020’, 108000’. Chưa xác minh datum và vị trí.</description><Point><coordinates>108.000000000,14.333333333,0</coordinates></Point></Placemark><Placemark><name>Đắc Tô</name><description>Tân Cảnh, Đắk Tô | Tọa độ nguồn: 14039’, 107050’. Chưa xác minh datum và vị trí.</description><Point><coordinates>107.833333333,14.650000000,0</coordinates></Point></Placemark><Placemark><name>Đắk Glei</name><description>Đăk Glei, Đăk Glei | Tọa độ nguồn: 15005’, 107045’. Chưa xác minh datum và vị trí.</description><Point><coordinates>107.750000000,15.083333333,0</coordinates></Point></Placemark><Placemark><name>KonPlông</name><description>KonPlông, KonPlông | Tọa độ nguồn: 14031’, 108015’. Chưa xác minh datum và vị trí.</description><Point><coordinates>108.250000000,14.516666667,0</coordinates></Point></Placemark><Placemark><name>Pleiku</name><description>P Trà Bá, TP Pleiku | Tọa độ nguồn: 13058’, 108001’. Chưa xác minh datum và vị trí.</description><Point><coordinates>108.016666667,13.966666667,0</coordinates></Point></Placemark><Placemark><name>AyunPa</name><description>Ayunpa, Ayunpa | Tọa độ nguồn: 13023’, 108027’. Chưa xác minh datum và vị trí.</description><Point><coordinates>108.450000000,13.383333333,0</coordinates></Point></Placemark><Placemark><name>An Khê</name><description>An Khê, An Khê | Tọa độ nguồn: 13057’, 108039’. Chưa xác minh datum và vị trí.</description><Point><coordinates>108.650000000,13.950000000,0</coordinates></Point></Placemark><Placemark><name>Yaly</name><description>Ia Mơ Nông, Chư Pah | Tọa độ nguồn: 14012’, 107045’. Chưa xác minh datum và vị trí.</description><Point><coordinates>107.750000000,14.200000000,0</coordinates></Point></Placemark><Placemark><name>Đức Cơ</name><description>Chư Ty, Đức Cơ | Tọa độ nguồn: 13046’, 107043’. Chưa xác minh datum và vị trí.</description><Point><coordinates>107.716666667,13.766666667,0</coordinates></Point></Placemark><Placemark><name>Krông Pa</name><description>Phú Túc, Krông Pa | Tọa độ nguồn: 13013’, 108043’. Chưa xác minh datum và vị trí.</description><Point><coordinates>108.716666667,13.216666667,0</coordinates></Point></Placemark><Placemark><name>Phú Nhơn</name><description>Nhơn Hoà, Chư Sê | Tọa độ nguồn: 13036’, 108006’. Chưa xác minh datum và vị trí.</description><Point><coordinates>108.100000000,13.600000000,0</coordinates></Point></Placemark><Placemark><name>Buôn Mê thuột</name><description>Buôn Mê Thuột, Buôn Mê Thuột | Tọa độ nguồn: 12040’, 108003’. Chưa xác minh datum và vị trí.</description><Point><coordinates>108.050000000,12.666666667,0</coordinates></Point></Placemark><Placemark><name>M'ĐRắk</name><description>Cư M’ Ta, M’ Đrắk | Tọa độ nguồn: 12044’, 108046’. Chưa xác minh datum và vị trí.</description><Point><coordinates>108.766666667,12.733333333,0</coordinates></Point></Placemark><Placemark><name>Buôn Hồ</name><description>Buôn Hồ, Krông Buk | Tọa độ nguồn: 12055’, 108016’. Chưa xác minh datum và vị trí.</description><Point><coordinates>108.266666667,12.916666667,0</coordinates></Point></Placemark><Placemark><name>Đắk Mil</name><description>Đắk Lao, Đắk Mil | Tọa độ nguồn: 12027’, 107037’. Chưa xác minh datum và vị trí.</description><Point><coordinates>107.616666667,12.450000000,0</coordinates></Point></Placemark><Placemark><name>Lắk</name><description>Liên Sơn, Lắk | Tọa độ nguồn: 12022’, 108012’. Chưa xác minh datum và vị trí.</description><Point><coordinates>108.200000000,12.366666667,0</coordinates></Point></Placemark><Placemark><name>EaHleo</name><description>Ea Đrăng, Ea Hleo | Tọa độ nguồn: 13013’, 108012’. Chưa xác minh datum và vị trí.</description><Point><coordinates>108.200000000,13.216666667,0</coordinates></Point></Placemark><Placemark><name>Ea Súp</name><description>Ea Súp, Ea Súp | Tọa độ nguồn: 13006’, 107052’. Chưa xác minh datum và vị trí.</description><Point><coordinates>107.866666667,13.100000000,0</coordinates></Point></Placemark><Placemark><name>Ea Phê</name><description>Ea Phê, Krông Păk | Tọa độ nguồn: 12046’, 108020’. Chưa xác minh datum và vị trí.</description><Point><coordinates>108.333333333,12.766666667,0</coordinates></Point></Placemark><Placemark><name>Cư Đrăm</name><description>Cư Đrăm, Krông Bông | Tọa độ nguồn: 12028’, 108035’. Chưa xác minh datum và vị trí.</description><Point><coordinates>108.583333333,12.466666667,0</coordinates></Point></Placemark><Placemark><name>Đắc Nông</name><description>Gia Nghĩa, Đắc Nông | Tọa độ nguồn: 12000’, 107041’. Chưa xác minh datum và vị trí.</description><Point><coordinates>107.683333333,12.000000000,0</coordinates></Point></Placemark><Placemark><name>Quảng Trực</name><description>Quảng Trực, Đăk R’ Lấp | Tọa độ nguồn: 12015’, 107015’. Chưa xác minh datum và vị trí.</description><Point><coordinates>107.250000000,12.250000000,0</coordinates></Point></Placemark><Placemark><name>Đà Lạt</name><description>Phường I, Đà Lạt | Tọa độ nguồn: 11057’, 108027’. Chưa xác minh datum và vị trí.</description><Point><coordinates>108.450000000,11.950000000,0</coordinates></Point></Placemark><Placemark><name>Liên Khương</name><description>Liên Nghĩa, Đức Trọng | Tọa độ nguồn: 11045’, 108023’. Chưa xác minh datum và vị trí.</description><Point><coordinates>108.383333333,11.750000000,0</coordinates></Point></Placemark><Placemark><name>Bảo Lộc</name><description>TX Bảo Lộc | Tọa độ nguồn: 11032’, 107049’. Chưa xác minh datum và vị trí.</description><Point><coordinates>107.816666667,11.533333333,0</coordinates></Point></Placemark><Placemark><name>Cát Tiên</name><description>Gia Viễn, Cát Tiên | Tọa độ nguồn: 11038’, 107024’. Chưa xác minh datum và vị trí.</description><Point><coordinates>107.400000000,11.633333333,0</coordinates></Point></Placemark><Placemark><name>Phước Long</name><description>Sơn Giang, Phước Long | Tọa độ nguồn: 11050’, 106059’. Chưa xác minh datum và vị trí.</description><Point><coordinates>106.983333333,11.833333333,0</coordinates></Point></Placemark><Placemark><name>Đồng Xoài</name><description>Đồng Xoài, Đồng Phú | Tọa độ nguồn: 11032’, 106054’. Chưa xác minh datum và vị trí.</description><Point><coordinates>106.900000000,11.533333333,0</coordinates></Point></Placemark><Placemark><name>Lộc Ninh</name><description>Lộc Ninh, Lộc Ninh | Tọa độ nguồn: 11051’, 106034’. Chưa xác minh datum và vị trí.</description><Point><coordinates>106.566666667,11.850000000,0</coordinates></Point></Placemark><Placemark><name>Thủ Dầu Một</name><description>Thủ Dầu Một, Thủ Dầu Một | Tọa độ nguồn: 10058’, 106038’. Chưa xác minh datum và vị trí.</description><Point><coordinates>106.633333333,10.966666667,0</coordinates></Point></Placemark><Placemark><name>Tây Ninh</name><description>Phường I, Tây Ninh | Tọa độ nguồn: 11020’, 106007’. Chưa xác minh datum và vị trí.</description><Point><coordinates>106.116666667,11.333333333,0</coordinates></Point></Placemark><Placemark><name>Nhà Bè</name><description>Nhà Bè, Nhà Bè | Tọa độ nguồn: 10042’, 106044’. Chưa xác minh datum và vị trí.</description><Point><coordinates>106.733333333,10.700000000,0</coordinates></Point></Placemark><Placemark><name>Tân Sơn Hoà</name><description> | Tọa độ nguồn: 10049', 106040'. Chưa xác minh datum và vị trí.</description><Point><coordinates>106.666666667,10.816666667,0</coordinates></Point></Placemark><Placemark><name>Long Khánh (Xuân Lộc)</name><description>Xuân Lộc, Long Khánh | Tọa độ nguồn: 10056’, 107014’. Chưa xác minh datum và vị trí.</description><Point><coordinates>107.233333333,10.933333333,0</coordinates></Point></Placemark><Placemark><name>Biên Hoà</name><description>P Tân Phong, Biên Hoà | Tọa độ nguồn: 10055’, 106049’. Chưa xác minh datum và vị trí.</description><Point><coordinates>106.816666667,10.916666667,0</coordinates></Point></Placemark><Placemark><name>Tà Lài</name><description>Tà Lài, Tân Phú | Tọa độ nguồn: 11022’, 107022’. Chưa xác minh datum và vị trí.</description><Point><coordinates>107.366666667,11.366666667,0</coordinates></Point></Placemark><Placemark><name>Mỹ Tho</name><description>Tân Mỹ Chánh, TP Mỹ Tho | Tọa độ nguồn: 10021’, 106024’. Chưa xác minh datum và vị trí.</description><Point><coordinates>106.400000000,10.350000000,0</coordinates></Point></Placemark><Placemark><name>Khí tượng môi trường thành phố Vũng Tàu</name><description>Phường VII, TP Vũng Tàu | Tọa độ nguồn: 10022’, 107005’. Chưa xác minh datum và vị trí.</description><Point><coordinates>107.083333333,10.366666667,0</coordinates></Point></Placemark><Placemark><name>Côn Đảo</name><description>TT Côn Đảo, Côn Đảo | Tọa độ nguồn: 8041’, 106036’. Chưa xác minh datum và vị trí.</description><Point><coordinates>106.600000000,8.683333333,0</coordinates></Point></Placemark><Placemark><name>DK1-7</name><description>Huyền Trân | Tọa độ nguồn: 8001’, 110037’. Chưa xác minh datum và vị trí.</description><Point><coordinates>110.616666667,8.016666667,0</coordinates></Point></Placemark><Placemark><name>Xuyên Mộc</name><description>Phước Bữu, Xuân Mộc | Tọa độ nguồn: 10032’, 107024’. Chưa xác minh datum và vị trí.</description><Point><coordinates>107.400000000,10.533333333,0</coordinates></Point></Placemark><Placemark><name>Mộc Hoá</name><description>TT Mộc Hoá, Mộc Hoá | Tọa độ nguồn: 10047’, 105056’. Chưa xác minh datum và vị trí.</description><Point><coordinates>105.933333333,10.783333333,0</coordinates></Point></Placemark><Placemark><name>Tân An</name><description>Phường I, Tân An | Tọa độ nguồn: 10033’, 106024’. Chưa xác minh datum và vị trí.</description><Point><coordinates>106.400000000,10.550000000,0</coordinates></Point></Placemark><Placemark><name>Cao Lãnh</name><description>Phường I, TX Cao Lãnh | Tọa độ nguồn: 10028’, 105038’. Chưa xác minh datum và vị trí.</description><Point><coordinates>105.633333333,10.466666667,0</coordinates></Point></Placemark><Placemark><name>Rạch Giá</name><description>P Vĩnh Thanh, TX Cao Lãnh | Tọa độ nguồn: 10000’, 105004’. Chưa xác minh datum và vị trí.</description><Point><coordinates>105.066666667,10.000000000,0</coordinates></Point></Placemark><Placemark><name>Phú Quốc</name><description>Dương Đông, Phú Quốc | Tọa độ nguồn: 10013’, 103058’. Chưa xác minh datum và vị trí.</description><Point><coordinates>103.966666667,10.216666667,0</coordinates></Point></Placemark><Placemark><name>Thổ Chu</name><description>Thổ Chu, Phú Quốc | Tọa độ nguồn: 9017’, 103008’. Chưa xác minh datum và vị trí.</description><Point><coordinates>103.133333333,9.283333333,0</coordinates></Point></Placemark><Placemark><name>Hà Tiên</name><description>Hà Tiên, Hà Tiên | Tọa độ nguồn: 10023’, 104029’. Chưa xác minh datum và vị trí.</description><Point><coordinates>104.483333333,10.383333333,0</coordinates></Point></Placemark><Placemark><name>Hòn Tre</name><description>Hòn Tre | Tọa độ nguồn: 9057’, 104050’. Chưa xác minh datum và vị trí.</description><Point><coordinates>104.833333333,9.950000000,0</coordinates></Point></Placemark><Placemark><name>Châu Đốc</name><description>Phường B, TX Châu Đốc | Tọa độ nguồn: 10042’, 105008’. Chưa xác minh datum và vị trí.</description><Point><coordinates>105.133333333,10.700000000,0</coordinates></Point></Placemark><Placemark><name>Vĩnh Long</name><description>Phường V, Vĩnh Long | Tọa độ nguồn: 10015’, 105058’. Chưa xác minh datum và vị trí.</description><Point><coordinates>105.966666667,10.250000000,0</coordinates></Point></Placemark><Placemark><name>Ba Tri</name><description>Ba Tri, Ba Tri | Tọa độ nguồn: 10003’, 106036’. Chưa xác minh datum và vị trí.</description><Point><coordinates>106.600000000,10.050000000,0</coordinates></Point></Placemark><Placemark><name>Bến Tre</name><description>Phường VIII, Bến Tre | Tọa độ nguồn: 10014’, 106023’. Chưa xác minh datum và vị trí.</description><Point><coordinates>106.383333333,10.233333333,0</coordinates></Point></Placemark><Placemark><name>Cần Thơ</name><description>P Xuân Khánh, TP Cần Thơ | Tọa độ nguồn: 10002’, 105046’. Chưa xác minh datum và vị trí.</description><Point><coordinates>105.766666667,10.033333333,0</coordinates></Point></Placemark><Placemark><name>Trà Nóc</name><description>Cần Thơ | Tọa độ nguồn: 10006', 105042'. Chưa xác minh datum và vị trí.</description><Point><coordinates>105.700000000,10.100000000,0</coordinates></Point></Placemark><Placemark><name>Sóc Trăng</name><description>Phường II, TX Sóc Trăng | Tọa độ nguồn: 9036’, 105058’. Chưa xác minh datum và vị trí.</description><Point><coordinates>105.966666667,9.600000000,0</coordinates></Point></Placemark><Placemark><name>Bạc Liêu</name><description>Phường VIII, TX Bạc Liêu | Tọa độ nguồn: 9017’, 105043’. Chưa xác minh datum và vị trí.</description><Point><coordinates>105.716666667,9.283333333,0</coordinates></Point></Placemark><Placemark><name>Cà Mau</name><description>Phường VII, TX Cà Mau | Tọa độ nguồn: 9011’, 105009’. Chưa xác minh datum và vị trí.</description><Point><coordinates>105.150000000,9.183333333,0</coordinates></Point></Placemark><Placemark><name>DK1-10</name><description>Bãi Cạn Cà Mau | Tọa độ nguồn: 8000’, 104000’. Chưa xác minh datum và vị trí.</description><Point><coordinates>104.000000000,8.000000000,0</coordinates></Point></Placemark><Placemark><name>U Minh Thượng</name><description>U Minh, U Minh | Tọa độ nguồn: 9023’, 104059’. Chưa xác minh datum và vị trí.</description><Point><coordinates>104.983333333,9.383333333,0</coordinates></Point></Placemark><Placemark><name>Vị Thanh</name><description>Xã Vị Tân, TX Vị Thanh | Tọa độ nguồn: 9049’, 105027’. Chưa xác minh datum và vị trí.</description><Point><coordinates>105.450000000,9.816666667,0</coordinates></Point></Placemark><Placemark><name>Càng Long</name><description>Mỹ Cẩm, Càng Long | Tọa độ nguồn: 9059’, 106012’. Chưa xác minh datum và vị trí.</description><Point><coordinates>106.200000000,9.983333333,0</coordinates></Point></Placemark><Placemark><name>Định An</name><description>Đông  Hải, Duyên Hải | Tọa độ nguồn: 9034’, 106027’. Chưa xác minh datum và vị trí.</description><Point><coordinates>106.450000000,9.566666667,0</coordinates></Point></Placemark></Folder><Folder><name>Thủy văn</name><Placemark><name>Nậm Giàng</name><description>Chăn Nưa - Sìn Hồ | Tọa độ nguồn: 22o15', 103o15'. Chưa xác minh datum và vị trí.</description><Point><coordinates>103.250000000,22.250000000,0</coordinates></Point></Placemark><Placemark><name>Nà Hừ</name><description>Bum Nưa-Mường Tè | Tọa độ nguồn: 22o24', 102o52'. Chưa xác minh datum và vị trí.</description><Point><coordinates>102.866666667,22.400000000,0</coordinates></Point></Placemark><Placemark><name>Mường Tè</name><description>Mường Tè - Mường Tè | Tọa độ nguồn: 22o18', 102o36'. Chưa xác minh datum và vị trí.</description><Point><coordinates>102.600000000,22.300000000,0</coordinates></Point></Placemark><Placemark><name>Tà Gia</name><description>Tà Gia - Than Uyên | Tọa độ nguồn: 21o47', 103o48'. Chưa xác minh datum và vị trí.</description><Point><coordinates>103.800000000,21.783333333,0</coordinates></Point></Placemark><Placemark><name>Pa Tần</name><description> Pa Tần- Sìn Hồ | Tọa độ nguồn: 22o37', 103o15'. Chưa xác minh datum và vị trí.</description><Point><coordinates>103.250000000,22.616666667,0</coordinates></Point></Placemark><Placemark><name>Mường Mô</name><description> Mường Mô - Mường Tè | Tọa độ nguồn: 22o04', 102o53. Chưa xác minh datum và vị trí.</description><Point><coordinates>102.883333333,22.066666667,0</coordinates></Point></Placemark><Placemark><name>Lai Châu</name><description>Thị Xã Mường Lay | Tọa độ nguồn: 22o04', 103o09'. Chưa xác minh datum và vị trí.</description><Point><coordinates>103.150000000,22.066666667,0</coordinates></Point></Placemark><Placemark><name>Nậm He</name><description>Mường Tùng - Mường Lay | Tọa độ nguồn: 21o57', 103o03'. Chưa xác minh datum và vị trí.</description><Point><coordinates>103.050000000,21.950000000,0</coordinates></Point></Placemark><Placemark><name>Nậm Mức</name><description>Pa Ham - Mường Chà | Tọa độ nguồn: 21o52', 103o17'. Chưa xác minh datum và vị trí.</description><Point><coordinates>103.283333333,21.866666667,0</coordinates></Point></Placemark><Placemark><name>Bản Yên</name><description>Sam Mứn-Điện Biên | Tọa độ nguồn: 21o16', 103o00'. Chưa xác minh datum và vị trí.</description><Point><coordinates>103.000000000,21.266666667,0</coordinates></Point></Placemark><Placemark><name>Tạ Bú</name><description>Tạ Bú - Mường La | Tọa độ nguồn: 21o26', 104o03'. Chưa xác minh datum và vị trí.</description><Point><coordinates>104.050000000,21.433333333,0</coordinates></Point></Placemark><Placemark><name>Xã Là</name><description>Chiềng Khương - Sông Mã | Tọa độ nguồn: 20o56', 103o55'. Chưa xác minh datum và vị trí.</description><Point><coordinates>103.916666667,20.933333333,0</coordinates></Point></Placemark><Placemark><name>Quỳnh Nhai</name><description>Mường Chiên- Quỳnh Nhai | Tọa độ nguồn: 21o50', 103o33'. Chưa xác minh datum và vị trí.</description><Point><coordinates>103.550000000,21.833333333,0</coordinates></Point></Placemark><Placemark><name>Thác Vai</name><description>Tạ Bú - Mường La | Tọa độ nguồn: 21o26', 104o02'. Chưa xác minh datum và vị trí.</description><Point><coordinates>104.033333333,21.433333333,0</coordinates></Point></Placemark><Placemark><name>Phiêng Côn</name><description>Phiêng Côn - Bắc Yên | Tọa độ nguồn: 21o15', 104o28'. Chưa xác minh datum và vị trí.</description><Point><coordinates>104.466666667,21.250000000,0</coordinates></Point></Placemark><Placemark><name>Bó Sinh</name><description>Mường Bám - Thuận Châu | Tọa độ nguồn: 21o21', 103o28'. Chưa xác minh datum và vị trí.</description><Point><coordinates>103.466666667,21.350000000,0</coordinates></Point></Placemark><Placemark><name>Nậm Ty</name><description>Nậm Ty - Sông Mã | Tọa độ nguồn: 21o10', 103o38'. Chưa xác minh datum và vị trí.</description><Point><coordinates>103.633333333,21.166666667,0</coordinates></Point></Placemark><Placemark><name>Nậm Công</name><description>Huổi Một - Sông Mã | Tọa độ nguồn: 21o11', 103o37'. Chưa xác minh datum và vị trí.</description><Point><coordinates>103.616666667,21.183333333,0</coordinates></Point></Placemark><Placemark><name>Phiêng Hiềng</name><description>Quang Huy - Phù Yên | Tọa độ nguồn: 21o12', 104o29'. Chưa xác minh datum và vị trí.</description><Point><coordinates>104.483333333,21.200000000,0</coordinates></Point></Placemark><Placemark><name>Hoà Bình</name><description>Tân Thịnh - TX Hoà Bình | Tọa độ nguồn: 20o49', 105o19'. Chưa xác minh datum và vị trí.</description><Point><coordinates>105.316666667,20.816666667,0</coordinates></Point></Placemark><Placemark><name>Lâm Sơn</name><description>Lâm Sơn - Lương Sơn | Tọa độ nguồn: 20o52', 105o29'. Chưa xác minh datum và vị trí.</description><Point><coordinates>105.483333333,20.866666667,0</coordinates></Point></Placemark><Placemark><name>Hưng Thi</name><description>Hưng Thi - Lạc Thuỷ | Tọa độ nguồn: 20o30', 105o40'. Chưa xác minh datum và vị trí.</description><Point><coordinates>105.666666667,20.500000000,0</coordinates></Point></Placemark><Placemark><name>Lào Cai</name><description>Cốc Lếu - TP Lào Cai | Tọa độ nguồn: 22o30', 103o57'. Chưa xác minh datum và vị trí.</description><Point><coordinates>103.950000000,22.500000000,0</coordinates></Point></Placemark><Placemark><name>Vĩnh Yên</name><description>Thôn Hạ - Vĩnh Yên | Tọa độ nguồn: 22o22', 104o28'. Chưa xác minh datum và vị trí.</description><Point><coordinates>104.466666667,22.366666667,0</coordinates></Point></Placemark><Placemark><name>Ngòi Nhù</name><description>Sơn Thuỷ - Văn Bàn | Tọa độ nguồn: 22o08', 104o16'. Chưa xác minh datum và vị trí.</description><Point><coordinates>104.266666667,22.133333333,0</coordinates></Point></Placemark><Placemark><name>Bảo Hà</name><description>Bảo Hà - Bảo Yên | Tọa độ nguồn: 22o10', 104o21'. Chưa xác minh datum và vị trí.</description><Point><coordinates>104.350000000,22.166666667,0</coordinates></Point></Placemark><Placemark><name>Bảo Yên</name><description>Long Phúc  -Bảo Yên | Tọa độ nguồn: 22o10', 104o35'. Chưa xác minh datum và vị trí.</description><Point><coordinates>104.583333333,22.166666667,0</coordinates></Point></Placemark><Placemark><name>Cốc Ly</name><description>Cốc Ly - Bắc Hà | Tọa độ nguồn: 21o31', 104o12'. Chưa xác minh datum và vị trí.</description><Point><coordinates>104.200000000,21.516666667,0</coordinates></Point></Placemark><Placemark><name>Yên Bái</name><description>Yên Ninh - TX Yên Bái | Tọa độ nguồn: 21o42', 104o51'. Chưa xác minh datum và vị trí.</description><Point><coordinates>104.850000000,21.700000000,0</coordinates></Point></Placemark><Placemark><name>Ngòi Thia</name><description>Đại Phúc - Văn Yên | Tọa độ nguồn: 21o50', 104o39'. Chưa xác minh datum và vị trí.</description><Point><coordinates>104.650000000,21.833333333,0</coordinates></Point></Placemark><Placemark><name>Ngòi Hút</name><description>Đông An-Văn Yên | Tọa độ nguồn: 21o55', 104o30'. Chưa xác minh datum và vị trí.</description><Point><coordinates>104.500000000,21.916666667,0</coordinates></Point></Placemark><Placemark><name>Mù Cang Chải</name><description>Kim Nội - Mù Cang Chải | Tọa độ nguồn: 21o51', 104o04'. Chưa xác minh datum và vị trí.</description><Point><coordinates>104.066666667,21.850000000,0</coordinates></Point></Placemark><Placemark><name>Thác Bà</name><description>Thác Bà - Yên Bình | Tọa độ nguồn: 21o44', 105o03'. Chưa xác minh datum và vị trí.</description><Point><coordinates>105.050000000,21.733333333,0</coordinates></Point></Placemark><Placemark><name>Đạo Đức</name><description>Đạo Đức - Vị Xuyên | Tọa độ nguồn: 22o47', 104o59'. Chưa xác minh datum và vị trí.</description><Point><coordinates>104.983333333,22.783333333,0</coordinates></Point></Placemark><Placemark><name>Hà Giang</name><description>Nguyễn Trãi - T.X Hà Giang | Tọa độ nguồn: 22o49', 104o58'. Chưa xác minh datum và vị trí.</description><Point><coordinates>104.966666667,22.816666667,0</coordinates></Point></Placemark><Placemark><name>Bắc Quang</name><description>Tân Quang - Bắc Quang | Tọa độ nguồn: 22o29', 104o52'. Chưa xác minh datum và vị trí.</description><Point><coordinates>104.866666667,22.483333333,0</coordinates></Point></Placemark><Placemark><name>Vĩnh Tuy</name><description>Vĩnh Tuy - Bắc Quang | Tọa độ nguồn: 22o16', 104o53'. Chưa xác minh datum và vị trí.</description><Point><coordinates>104.883333333,22.266666667,0</coordinates></Point></Placemark><Placemark><name>Bắc Mê</name><description>Yên Phú - Bắc Mê | Tọa độ nguồn: 22o44', 105o22'. Chưa xác minh datum và vị trí.</description><Point><coordinates>105.366666667,22.733333333,0</coordinates></Point></Placemark><Placemark><name>Thuận Hoà</name><description>Thuận Hoà- Vị Xuyên | Tọa độ nguồn: 22o53', 105o00'. Chưa xác minh datum và vị trí.</description><Point><coordinates>105.000000000,22.883333333,0</coordinates></Point></Placemark><Placemark><name>Tân Thịnh</name><description>Việt Hồng - Bắc Quang | Tọa độ nguồn: 22o20', 104o48'. Chưa xác minh datum và vị trí.</description><Point><coordinates>104.800000000,22.333333333,0</coordinates></Point></Placemark><Placemark><name>Minh Tân</name><description>Giàng Chu Pìn - Mèo Vạc | Tọa độ nguồn: 23o10', 105o08'. Chưa xác minh datum và vị trí.</description><Point><coordinates>105.133333333,23.166666667,0</coordinates></Point></Placemark><Placemark><name>Chiêm Hoá</name><description>Vĩnh Lộc - Chiêm Hoá | Tọa độ nguồn: 22o05', 105o16'. Chưa xác minh datum và vị trí.</description><Point><coordinates>105.266666667,22.083333333,0</coordinates></Point></Placemark><Placemark><name>Hàm Yên</name><description>Bình Sa - Hàm Yên | Tọa độ nguồn: 22o03', 105o05'. Chưa xác minh datum và vị trí.</description><Point><coordinates>105.083333333,22.050000000,0</coordinates></Point></Placemark><Placemark><name>Ghềnh Gà</name><description>Tân Long - Yên Sơn | Tọa độ nguồn: 21o51', 105o11'. Chưa xác minh datum và vị trí.</description><Point><coordinates>105.183333333,21.850000000,0</coordinates></Point></Placemark><Placemark><name>Tuyên Quang</name><description>Minh Xuân -TX Tuyên Quang | Tọa độ nguồn: 21o49', 105o13'. Chưa xác minh datum và vị trí.</description><Point><coordinates>105.216666667,21.816666667,0</coordinates></Point></Placemark><Placemark><name>Na Hang</name><description>Vĩnh Yên - Na Hang | Tọa độ nguồn: 22o20', 105o22'. Chưa xác minh datum và vị trí.</description><Point><coordinates>105.366666667,22.333333333,0</coordinates></Point></Placemark><Placemark><name>Sơn Dương</name><description>Thị trấn Sơn Dương | Tọa độ nguồn: 21o42', 105o23'. Chưa xác minh datum và vị trí.</description><Point><coordinates>105.383333333,21.700000000,0</coordinates></Point></Placemark><Placemark><name>Gia Bảy</name><description>Hoàng Văn Thụ -Thái Nguyên | Tọa độ nguồn: 21o35', 105o50'. Chưa xác minh datum và vị trí.</description><Point><coordinates>105.833333333,21.583333333,0</coordinates></Point></Placemark><Placemark><name>Chã</name><description>Đông Cao - Phổ Yên | Tọa độ nguồn: 21o22', 106o54'. Chưa xác minh datum và vị trí.</description><Point><coordinates>106.900000000,21.366666667,0</coordinates></Point></Placemark><Placemark><name>Tân Cương</name><description>Tân Cương - Thái Nguyên | Tọa độ nguồn: 21o32', 105o47'. Chưa xác minh datum và vị trí.</description><Point><coordinates>105.783333333,21.533333333,0</coordinates></Point></Placemark><Placemark><name>Cầu Phà</name><description>P. Sông Cầu TX Bắc Kạn | Tọa độ nguồn: 22009', 105050'. Chưa xác minh datum và vị trí.</description><Point><coordinates>105.833333333,22.150000000,0</coordinates></Point></Placemark><Placemark><name>Thác Riềng</name><description>Xuất Hoá - Bạch Thông | Tọa độ nguồn: 22o05', 105o53'. Chưa xác minh datum và vị trí.</description><Point><coordinates>105.883333333,22.083333333,0</coordinates></Point></Placemark><Placemark><name>Chợ Mới</name><description>Chợ Mới - Phú Lương | Tọa độ nguồn: 21o52', 105o46'. Chưa xác minh datum và vị trí.</description><Point><coordinates>105.766666667,21.866666667,0</coordinates></Point></Placemark><Placemark><name>Đầu Đẳng</name><description>Nam Mẫu - Ba Bể | Tọa độ nguồn: 22o27', 105o34'. Chưa xác minh datum và vị trí.</description><Point><coordinates>105.566666667,22.450000000,0</coordinates></Point></Placemark><Placemark><name>Vụ Quang</name><description>Đoan Hùng - Phú Thọ | Tọa độ nguồn: 21o34', 105o15'. Chưa xác minh datum và vị trí.</description><Point><coordinates>105.250000000,21.566666667,0</coordinates></Point></Placemark><Placemark><name>Thanh Sơn</name><description>Thục Luyện - Thanh Sơn | Tọa độ nguồn: 21o11', 105o09'. Chưa xác minh datum và vị trí.</description><Point><coordinates>105.150000000,21.183333333,0</coordinates></Point></Placemark><Placemark><name>Việt Trì</name><description>Thanh Miếu - Việt Trì | Tọa độ nguồn: 21o17', 105o25'. Chưa xác minh datum và vị trí.</description><Point><coordinates>105.416666667,21.283333333,0</coordinates></Point></Placemark><Placemark><name>Phú Thọ</name><description>Phong Châu - Phú Thọ | Tọa độ nguồn: 21o23', 105o13'. Chưa xác minh datum và vị trí.</description><Point><coordinates>105.216666667,21.383333333,0</coordinates></Point></Placemark><Placemark><name>Quảng Cư</name><description>Quảng Cư - Lập Thạch | Tọa độ nguồn: 21o31', 105o29'. Chưa xác minh datum và vị trí.</description><Point><coordinates>105.483333333,21.516666667,0</coordinates></Point></Placemark><Placemark><name>Bằng Giang</name><description>Nà Phia - Lô Trung | Tọa độ nguồn: 22o39', 106o16'. Chưa xác minh datum và vị trí.</description><Point><coordinates>106.266666667,22.650000000,0</coordinates></Point></Placemark><Placemark><name>Bảo Lạc</name><description>Bảo Lạc - Huyện Bảo Lạc  | Tọa độ nguồn: 22o58', 105o40'. Chưa xác minh datum và vị trí.</description><Point><coordinates>105.666666667,22.966666667,0</coordinates></Point></Placemark><Placemark><name>Vinh Quang</name><description>Vinh Quang - Hoà An | Tọa độ nguồn: 22o43', 106o10'. Chưa xác minh datum và vị trí.</description><Point><coordinates>106.166666667,22.716666667,0</coordinates></Point></Placemark><Placemark><name>Phục Hoà</name><description> Phục Hoà - Quang Hoà | Tọa độ nguồn: 22o31', 106o30'. Chưa xác minh datum và vị trí.</description><Point><coordinates>106.500000000,22.516666667,0</coordinates></Point></Placemark><Placemark><name>Quảng Lâm</name><description>Lý Bôn - Bảo Lâm | Tọa độ nguồn: 22o57', 105o32'. Chưa xác minh datum và vị trí.</description><Point><coordinates>105.533333333,22.950000000,0</coordinates></Point></Placemark><Placemark><name>Pắc Luông</name><description>Lê Chung - Hoà An | Tọa độ nguồn: 22o37', 106o16'. Chưa xác minh datum và vị trí.</description><Point><coordinates>106.266666667,22.616666667,0</coordinates></Point></Placemark><Placemark><name>Lạng Sơn</name><description>Chi Lăng - TX Lạng Sơn | Tọa độ nguồn: 21o50', 106o45'. Chưa xác minh datum và vị trí.</description><Point><coordinates>106.750000000,21.833333333,0</coordinates></Point></Placemark><Placemark><name>Hữu Lũng</name><description>Mẹt - Hữu Lũng | Tọa độ nguồn: 21o31', 106o19'. Chưa xác minh datum và vị trí.</description><Point><coordinates>106.316666667,21.516666667,0</coordinates></Point></Placemark><Placemark><name>Vân Mịch</name><description>Hồng Phong - Bình Gia | Tọa độ nguồn: 22o06', 106o23'. Chưa xác minh datum và vị trí.</description><Point><coordinates>106.383333333,22.100000000,0</coordinates></Point></Placemark><Placemark><name>Tân Việt</name><description>Tân Việt - Văn Lãng | Tọa độ nguồn: 22o10', 106o32'. Chưa xác minh datum và vị trí.</description><Point><coordinates>106.533333333,22.166666667,0</coordinates></Point></Placemark><Placemark><name>Quốc Việt</name><description>Quốc Việt - Tràng Định | Tọa độ nguồn: 22o12', 106o38'. Chưa xác minh datum và vị trí.</description><Point><coordinates>106.633333333,22.200000000,0</coordinates></Point></Placemark><Placemark><name>Phúc Lộc Phương</name><description>Tam Giang - Yên Phong | Tọa độ nguồn: 21o17', 105o55'. Chưa xác minh datum và vị trí.</description><Point><coordinates>105.916666667,21.283333333,0</coordinates></Point></Placemark><Placemark><name>Bến Hồ</name><description>Tân Chi - Tiên Sơn | Tọa độ nguồn: 21o04', 106o04'. Chưa xác minh datum và vị trí.</description><Point><coordinates>106.066666667,21.066666667,0</coordinates></Point></Placemark><Placemark><name>Đáp Cầu</name><description>Vũ Ninh - Bắc Ninh | Tọa độ nguồn: 21o04', 106o05'. Chưa xác minh datum và vị trí.</description><Point><coordinates>106.083333333,21.066666667,0</coordinates></Point></Placemark><Placemark><name>Chũ</name><description>Nghĩa Hồ - Lục Ngạn | Tọa độ nguồn: 21o22', 106o36'. Chưa xác minh datum và vị trí.</description><Point><coordinates>106.600000000,21.366666667,0</coordinates></Point></Placemark><Placemark><name>Cẩm Đàn</name><description>Cẩm Đàn - Sơn Động | Tọa độ nguồn: 21o20', 106o47'. Chưa xác minh datum và vị trí.</description><Point><coordinates>106.783333333,21.333333333,0</coordinates></Point></Placemark><Placemark><name>Cầu Sơn</name><description>Hương Sơn - Lạng Giang | Tọa độ nguồn: 21o26', 106o19'. Chưa xác minh datum và vị trí.</description><Point><coordinates>106.316666667,21.433333333,0</coordinates></Point></Placemark><Placemark><name>Phủ Lạng Thương</name><description>Thọ Xương - Bắc Giang | Tọa độ nguồn: 21o17', 106o11'. Chưa xác minh datum và vị trí.</description><Point><coordinates>106.183333333,21.283333333,0</coordinates></Point></Placemark><Placemark><name>Lục Nam</name><description>Tiên Hưng - Lục Nam | Tọa độ nguồn: 21o17', 106o24'. Chưa xác minh datum và vị trí.</description><Point><coordinates>106.400000000,21.283333333,0</coordinates></Point></Placemark><Placemark><name>Tam Hiệp</name><description>Tam Hiệp - Yên Thế | Tọa độ nguồn: 21o30', 106o08'. Chưa xác minh datum và vị trí.</description><Point><coordinates>106.133333333,21.500000000,0</coordinates></Point></Placemark><Placemark><name>Bình Liêu</name><description>Vô Ngại - Bình Liêu | Tọa độ nguồn: 21o29', 107o22'. Chưa xác minh datum và vị trí.</description><Point><coordinates>107.366666667,21.483333333,0</coordinates></Point></Placemark><Placemark><name>Bến Triều</name><description>Hồng Phong - Đông Triều | Tọa độ nguồn: 21o03', 106o29'. Chưa xác minh datum và vị trí.</description><Point><coordinates>106.483333333,21.050000000,0</coordinates></Point></Placemark><Placemark><name>Đồn Sơn</name><description>Yên Đức - Đông Triều | Tọa độ nguồn: 21o01', 106o36'. Chưa xác minh datum và vị trí.</description><Point><coordinates>106.600000000,21.016666667,0</coordinates></Point></Placemark><Placemark><name>Thanh Sơn</name><description>Thanh Sơn - Ba Chẽ | Tọa độ nguồn: 21o18', 107o15'. Chưa xác minh datum và vị trí.</description><Point><coordinates>107.250000000,21.300000000,0</coordinates></Point></Placemark><Placemark><name>Ka Long</name><description>Hải Hoà - Móng Cái | Tọa độ nguồn: 21o33', 108o00'. Chưa xác minh datum và vị trí.</description><Point><coordinates>108.000000000,21.550000000,0</coordinates></Point></Placemark><Placemark><name>Cửa Cấm</name><description>P.Hùng Vương-Hồng Bàng | Tọa độ nguồn: 20o46', 106o50'. Chưa xác minh datum và vị trí.</description><Point><coordinates>106.833333333,20.766666667,0</coordinates></Point></Placemark><Placemark><name>Trung Trang</name><description>Quang Hưng - An Lão | Tọa độ nguồn: 20o50', 106o30'. Chưa xác minh datum và vị trí.</description><Point><coordinates>106.500000000,20.833333333,0</coordinates></Point></Placemark><Placemark><name>Tiên Tiến</name><description>Tiên Tiến - An Lão | Tọa độ nguồn: 20o45', 106o31'. Chưa xác minh datum và vị trí.</description><Point><coordinates>106.516666667,20.750000000,0</coordinates></Point></Placemark><Placemark><name>Do Nghi</name><description>Tam Hưng - Thuỷ Nguyên | Tọa độ nguồn: 20o56', 106o46'. Chưa xác minh datum và vị trí.</description><Point><coordinates>106.766666667,20.933333333,0</coordinates></Point></Placemark><Placemark><name>Đông Xuyên</name><description>Kiến Thiết - Tiên Lãng | Tọa độ nguồn: 20o41', 106o33'. Chưa xác minh datum và vị trí.</description><Point><coordinates>106.550000000,20.683333333,0</coordinates></Point></Placemark><Placemark><name>Kiến An</name><description>P. Bắc Sơn - TX Kiến An | Tọa độ nguồn: 20o49', 106o37'. Chưa xác minh datum và vị trí.</description><Point><coordinates>106.616666667,20.816666667,0</coordinates></Point></Placemark><Placemark><name>Chanh Chử</name><description>Thắng Thuỷ - Vĩnh Bảo  | Tọa độ nguồn: 20o44', 106o24'. Chưa xác minh datum và vị trí.</description><Point><coordinates>106.400000000,20.733333333,0</coordinates></Point></Placemark><Placemark><name>Cao Kênh</name><description>Hợp Thành - Thuỷ Nguyên | Tọa độ nguồn: 20o56', 106o35'. Chưa xác minh datum và vị trí.</description><Point><coordinates>106.583333333,20.933333333,0</coordinates></Point></Placemark><Placemark><name>Quang Phục</name><description>Quang Phục - Tiên Lãng | Tọa độ nguồn: 20o43', 106o36'. Chưa xác minh datum và vị trí.</description><Point><coordinates>106.600000000,20.716666667,0</coordinates></Point></Placemark><Placemark><name>Cống Rỗ</name><description>Giang Biên - Vĩnh Bảo | Tọa độ nguồn: 20o46', 106o31'. Chưa xác minh datum và vị trí.</description><Point><coordinates>106.516666667,20.766666667,0</coordinates></Point></Placemark><Placemark><name>Hà Nội</name><description>P. Phúc Tân - Q. Hoàn Kiếm | Tọa độ nguồn: 21o01', 105o51'. Chưa xác minh datum và vị trí.</description><Point><coordinates>105.850000000,21.016666667,0</coordinates></Point></Placemark><Placemark><name>Thượng Cát</name><description>Thượng Thanh - Gia Lâm | Tọa độ nguồn: 21o04', 105o52'. Chưa xác minh datum và vị trí.</description><Point><coordinates>105.866666667,21.066666667,0</coordinates></Point></Placemark><Placemark><name>Phú Cường</name><description>Thụy Lôi - Đông Anh | Tọa độ nguồn: 21o10', 105o54'. Chưa xác minh datum và vị trí.</description><Point><coordinates>105.900000000,21.166666667,0</coordinates></Point></Placemark><Placemark><name>Sơn Tây</name><description>Viên Sơn - TX Sơn Tây | Tọa độ nguồn: 21o09', 105o30'. Chưa xác minh datum và vị trí.</description><Point><coordinates>105.500000000,21.150000000,0</coordinates></Point></Placemark><Placemark><name>Trung Hà</name><description>Thái Hoà - Ba Vì | Tọa độ nguồn: 21o14', 105o20'. Chưa xác minh datum và vị trí.</description><Point><coordinates>105.333333333,21.233333333,0</coordinates></Point></Placemark><Placemark><name>Ba Thá</name><description>Viên An - ứng Hoà  | Tọa độ nguồn: 20o48', 105o42'. Chưa xác minh datum và vị trí.</description><Point><coordinates>105.700000000,20.800000000,0</coordinates></Point></Placemark><Placemark><name>Cát Khê</name><description>Hiệp Cát - Nam Sách | Tọa độ nguồn: 21o02', 106o17'. Chưa xác minh datum và vị trí.</description><Point><coordinates>106.283333333,21.033333333,0</coordinates></Point></Placemark><Placemark><name>Bến Bình</name><description>Tân Dân - Chí Linh | Tọa độ nguồn: 21o03', 106o21'. Chưa xác minh datum và vị trí.</description><Point><coordinates>106.350000000,21.050000000,0</coordinates></Point></Placemark><Placemark><name>Bá Nha</name><description>Hợp Đức - Nam Thanh | Tọa độ nguồn: 20o52', 106o27'. Chưa xác minh datum và vị trí.</description><Point><coordinates>106.450000000,20.866666667,0</coordinates></Point></Placemark><Placemark><name>Quảng Đạt</name><description>Ngũ Phúc - Kim Môn | Tọa độ nguồn: 20o57', 106o28'. Chưa xác minh datum và vị trí.</description><Point><coordinates>106.466666667,20.950000000,0</coordinates></Point></Placemark><Placemark><name>An Phụ</name><description>An Phụ - Kim Môn | Tọa độ nguồn: 20o59', 106o30'. Chưa xác minh datum và vị trí.</description><Point><coordinates>106.500000000,20.983333333,0</coordinates></Point></Placemark><Placemark><name>Phú Lương</name><description>Ngọc Châu -TX Hải Dương | Tọa độ nguồn: 20o57', 106o20'. Chưa xác minh datum và vị trí.</description><Point><coordinates>106.333333333,20.950000000,0</coordinates></Point></Placemark><Placemark><name>Phả Lại</name><description>Phả Lại - Chí Linh | Tọa độ nguồn: 21o06', 106o17'. Chưa xác minh datum và vị trí.</description><Point><coordinates>106.283333333,21.100000000,0</coordinates></Point></Placemark><Placemark><name>Hưng Yên</name><description>Lê Hồng Phong- Hưng Yên | Tọa độ nguồn: 20o39', 106o03'. Chưa xác minh datum và vị trí.</description><Point><coordinates>106.050000000,20.650000000,0</coordinates></Point></Placemark><Placemark><name>Triều Dương</name><description>Tân Lễ - Hưng Hà | Tọa độ nguồn: 20o09', 106o07'. Chưa xác minh datum và vị trí.</description><Point><coordinates>106.116666667,20.150000000,0</coordinates></Point></Placemark><Placemark><name>Quyết Chiến</name><description>Bạch Đằng - Đông Hưng | Tọa độ nguồn: 20o30', 106o15'. Chưa xác minh datum và vị trí.</description><Point><coordinates>106.250000000,20.500000000,0</coordinates></Point></Placemark><Placemark><name>Đông Quý</name><description>Đông Trà - Tiền Hải | Tọa độ nguồn: 20o27', 106o32'. Chưa xác minh datum và vị trí.</description><Point><coordinates>106.533333333,20.450000000,0</coordinates></Point></Placemark><Placemark><name>Thái Bình</name><description>Phường Hồng Phong | Tọa độ nguồn: 20o27', 106o20'. Chưa xác minh datum và vị trí.</description><Point><coordinates>106.333333333,20.450000000,0</coordinates></Point></Placemark><Placemark><name>Tiến Đức</name><description>Tiến Đức - Hưng Hà | Tọa độ nguồn: 20o35', 106o06'. Chưa xác minh datum và vị trí.</description><Point><coordinates>106.100000000,20.583333333,0</coordinates></Point></Placemark><Placemark><name>Ba Lạt</name><description>Nam Hồng - Tiền Hải | Tọa độ nguồn: 20o19', 106o31'. Chưa xác minh datum và vị trí.</description><Point><coordinates>106.516666667,20.316666667,0</coordinates></Point></Placemark><Placemark><name>Cống Hệ</name><description>An Bài - Quỳnh Phụ | Tọa độ nguồn: 20o37', 106o28'. Chưa xác minh datum và vị trí.</description><Point><coordinates>106.466666667,20.616666667,0</coordinates></Point></Placemark><Placemark><name>Phủ Lý</name><description>TX Phủ Lý - Hà Nam  | Tọa độ nguồn: 20o30', 105o54'. Chưa xác minh datum và vị trí.</description><Point><coordinates>105.900000000,20.500000000,0</coordinates></Point></Placemark><Placemark><name>Như Trác</name><description>Nhân Đạo - Lý nhân | Tọa độ nguồn: 20o34', 106o07'. Chưa xác minh datum và vị trí.</description><Point><coordinates>106.116666667,20.566666667,0</coordinates></Point></Placemark><Placemark><name>Nam Định</name><description>Nguyễn Trãi - Phan Đình Phùng | Tọa độ nguồn: 20o25', 106o10'. Chưa xác minh datum và vị trí.</description><Point><coordinates>106.166666667,20.416666667,0</coordinates></Point></Placemark><Placemark><name>Trực Phương</name><description>Hợp Thịnh - Phương Định | Tọa độ nguồn: 20o19', 106o18'. Chưa xác minh datum và vị trí.</description><Point><coordinates>106.300000000,20.316666667,0</coordinates></Point></Placemark><Placemark><name>Phú Lễ</name><description>Hải Châu - Hải Hậu | Tọa độ nguồn: 20o03', 106o12'. Chưa xác minh datum và vị trí.</description><Point><coordinates>106.200000000,20.050000000,0</coordinates></Point></Placemark><Placemark><name>Phú Hào</name><description>Nam Điền - Nam Trực | Tọa độ nguồn: 20o10', 106o14'. Chưa xác minh datum và vị trí.</description><Point><coordinates>106.233333333,20.166666667,0</coordinates></Point></Placemark><Placemark><name>Bái Trạch</name><description>Yên Phúc - Ý Yên | Tọa độ nguồn: 20o18', 106o08'. Chưa xác minh datum và vị trí.</description><Point><coordinates>106.133333333,20.300000000,0</coordinates></Point></Placemark><Placemark><name>Bến Đế</name><description>Gia Phú - Gia Viễn | Tọa độ nguồn: 20o21', 105o47'. Chưa xác minh datum và vị trí.</description><Point><coordinates>105.783333333,20.350000000,0</coordinates></Point></Placemark><Placemark><name>Ninh Bình</name><description>Đinh Tiên Hoàng - Ninh Bình | Tọa độ nguồn: 20o15', 105o58'. Chưa xác minh datum và vị trí.</description><Point><coordinates>105.966666667,20.250000000,0</coordinates></Point></Placemark><Placemark><name>Gián Khẩu</name><description>Gia Trần - Gia Viễn | Tọa độ nguồn: 20o19', 105o55'. Chưa xác minh datum và vị trí.</description><Point><coordinates>105.916666667,20.316666667,0</coordinates></Point></Placemark><Placemark><name>Như Tân</name><description>Kim Tân - Kim Sơn | Tọa độ nguồn: 20o01', 106o06'. Chưa xác minh datum và vị trí.</description><Point><coordinates>106.100000000,20.016666667,0</coordinates></Point></Placemark><Placemark><name>Nho Quan</name><description>Lạc Vân - Nho Quan | Tọa độ nguồn: 20o20', 105o46'. Chưa xác minh datum và vị trí.</description><Point><coordinates>105.766666667,20.333333333,0</coordinates></Point></Placemark><Placemark><name>Xuân Khánh</name><description>Xuân Khánh - Thọ Xuân | Tọa độ nguồn: 19o55', 105o34'. Chưa xác minh datum và vị trí.</description><Point><coordinates>105.566666667,19.916666667,0</coordinates></Point></Placemark><Placemark><name>Lang Chánh</name><description>Giao An - Lang Chánh | Tọa độ nguồn: 20o08', 105o15'. Chưa xác minh datum và vị trí.</description><Point><coordinates>105.250000000,20.133333333,0</coordinates></Point></Placemark><Placemark><name>Cẩm Thuỷ</name><description>Cẩm Sơn - Cẩm Thuỷ | Tọa độ nguồn: 20o12', 105o28'. Chưa xác minh datum và vị trí.</description><Point><coordinates>105.466666667,20.200000000,0</coordinates></Point></Placemark><Placemark><name>Lý Nhân</name><description>Yên Phong - Yên Định | Tọa độ nguồn: 20o01', 105o35'. Chưa xác minh datum và vị trí.</description><Point><coordinates>105.583333333,20.016666667,0</coordinates></Point></Placemark><Placemark><name>Mường Lát</name><description>Mường Lát - Thanh Hoá | Tọa độ nguồn: 20o32', 104o34'. Chưa xác minh datum và vị trí.</description><Point><coordinates>104.566666667,20.533333333,0</coordinates></Point></Placemark><Placemark><name>Kim Tân</name><description>Thành Kim - Thạch Thành | Tọa độ nguồn: 20o07', 105o40'. Chưa xác minh datum và vị trí.</description><Point><coordinates>105.666666667,20.116666667,0</coordinates></Point></Placemark><Placemark><name>Thạch Quảng</name><description>Thạch Quảng-Thạch Thành | Tọa độ nguồn: 20o20', 105o31'. Chưa xác minh datum và vị trí.</description><Point><coordinates>105.516666667,20.333333333,0</coordinates></Point></Placemark><Placemark><name>Hồi Xuân</name><description>Hồi Xuân - Quan Hoá | Tọa độ nguồn: 20o22', 105o05'. Chưa xác minh datum và vị trí.</description><Point><coordinates>105.083333333,20.366666667,0</coordinates></Point></Placemark><Placemark><name>Bái Thượng</name><description>Xuân Bái - Thọ Xuân | Tọa độ nguồn: 19o54', 105o22'. Chưa xác minh datum và vị trí.</description><Point><coordinates>105.366666667,19.900000000,0</coordinates></Point></Placemark><Placemark><name>Cửa Đạt</name><description>Xuân Cầm - Thường Xuân | Tọa độ nguồn: 19o52', 105o17'. Chưa xác minh datum và vị trí.</description><Point><coordinates>105.283333333,19.866666667,0</coordinates></Point></Placemark><Placemark><name>Quảng Châu</name><description>Quảng Châu-Quảng Xương | Tọa độ nguồn: 19o46', 105o51'. Chưa xác minh datum và vị trí.</description><Point><coordinates>105.850000000,19.766666667,0</coordinates></Point></Placemark><Placemark><name>Chuối</name><description>Thị trấn Chuối -Nông Cống | Tọa độ nguồn: 19o32', 105o39'. Chưa xác minh datum và vị trí.</description><Point><coordinates>105.650000000,19.533333333,0</coordinates></Point></Placemark><Placemark><name>Giàng</name><description>Thiệu Khánh - Đông Sơn | Tọa độ nguồn: 19o52', 105o45'. Chưa xác minh datum và vị trí.</description><Point><coordinates>105.750000000,19.866666667,0</coordinates></Point></Placemark><Placemark><name>Lèn</name><description>Hà Ngọc - Hà Trung | Tọa độ nguồn: 19o56', 105o59'. Chưa xác minh datum và vị trí.</description><Point><coordinates>105.983333333,19.933333333,0</coordinates></Point></Placemark><Placemark><name>Ngọc Trà</name><description>Quảng Trung - Quảng xương | Tọa độ nguồn: 19o36', 105o46'. Chưa xác minh datum và vị trí.</description><Point><coordinates>105.766666667,19.600000000,0</coordinates></Point></Placemark><Placemark><name>Cụ Thôn</name><description>Hà Phú - Hà Trung | Tọa độ nguồn: 19o58', 105o53'. Chưa xác minh datum và vị trí.</description><Point><coordinates>105.883333333,19.966666667,0</coordinates></Point></Placemark><Placemark><name>Trung Hạ</name><description>Trung Hạ - Quan Hoá | Tọa độ nguồn: 20o17', 105o02'. Chưa xác minh datum và vị trí.</description><Point><coordinates>105.033333333,20.283333333,0</coordinates></Point></Placemark><Placemark><name>Nam Xuân</name><description>Nam Xuân - Quan Hoá | Tọa độ nguồn: 20o22', 105o02'. Chưa xác minh datum và vị trí.</description><Point><coordinates>105.033333333,20.366666667,0</coordinates></Point></Placemark><Placemark><name>Quỳ Châu</name><description> Châu Hội - Quỳ Châu | Tọa độ nguồn: 19o23', 105o08'. Chưa xác minh datum và vị trí.</description><Point><coordinates>105.133333333,19.383333333,0</coordinates></Point></Placemark><Placemark><name>Mường Xén</name><description>Tà Kạ - Kỳ Sơn  | Tọa độ nguồn: 19o24', 104o07'. Chưa xác minh datum và vị trí.</description><Point><coordinates>104.116666667,19.400000000,0</coordinates></Point></Placemark><Placemark><name>Dừa</name><description>Tường Sơn - Anh Sơn | Tọa độ nguồn: 18o59', 105o02'. Chưa xác minh datum và vị trí.</description><Point><coordinates>105.033333333,18.983333333,0</coordinates></Point></Placemark><Placemark><name>Nghĩa Khánh</name><description>Nghĩa Khánh - Nghĩa Đàn | Tọa độ nguồn: 19o26', 105o20'. Chưa xác minh datum và vị trí.</description><Point><coordinates>105.333333333,19.433333333,0</coordinates></Point></Placemark><Placemark><name>Yên Thượng</name><description>Thanh Yên- Thanh Chương | Tọa độ nguồn: 18o41', 105o23'. Chưa xác minh datum và vị trí.</description><Point><coordinates>105.383333333,18.683333333,0</coordinates></Point></Placemark><Placemark><name>Thạch Giám</name><description>Thạch Giám-Tương Dương | Tọa độ nguồn: 19o17', 104o20'. Chưa xác minh datum và vị trí.</description><Point><coordinates>104.333333333,19.283333333,0</coordinates></Point></Placemark><Placemark><name>Đô Lương</name><description>Ba Ra - Đô Lương | Tọa độ nguồn: 18o54', 105o17'. Chưa xác minh datum và vị trí.</description><Point><coordinates>105.283333333,18.900000000,0</coordinates></Point></Placemark><Placemark><name>Nam Đàn</name><description>Thị trấn Nam Đàn | Tọa độ nguồn: 18o42', 105o29'. Chưa xác minh datum và vị trí.</description><Point><coordinates>105.483333333,18.700000000,0</coordinates></Point></Placemark><Placemark><name>Cửa Hội</name><description>Nghi Hải - Nghi Lộc | Tọa độ nguồn: 18o45', 105o43'. Chưa xác minh datum và vị trí.</description><Point><coordinates>105.716666667,18.750000000,0</coordinates></Point></Placemark><Placemark><name>Chợ Tràng</name><description>Hưng Phú - Hưng Nguyên | Tọa độ nguồn: 18o34', 105o38'. Chưa xác minh datum và vị trí.</description><Point><coordinates>105.633333333,18.566666667,0</coordinates></Point></Placemark><Placemark><name>Con Cuông</name><description>Chi Khê - Con Cuông | Tọa độ nguồn: 19o04', 104o51'. Chưa xác minh datum và vị trí.</description><Point><coordinates>104.850000000,19.066666667,0</coordinates></Point></Placemark><Placemark><name>Mường Hinh</name><description>Đồng Văn - Quế Phong | Tọa độ nguồn: 19o53', 105o07'. Chưa xác minh datum và vị trí.</description><Point><coordinates>105.116666667,19.883333333,0</coordinates></Point></Placemark><Placemark><name>Mỹ Lý</name><description>Mỹ Lý - Kỳ Sơn | Tọa độ nguồn: 19o38', 104o20'. Chưa xác minh datum và vị trí.</description><Point><coordinates>104.333333333,19.633333333,0</coordinates></Point></Placemark><Placemark><name>Tân Kỳ</name><description>Tân Long- Tân Kỳ | Tọa độ nguồn: 19o04', 105o16'. Chưa xác minh datum và vị trí.</description><Point><coordinates>105.266666667,19.066666667,0</coordinates></Point></Placemark><Placemark><name>Thác Muối</name><description>Hạnh Lâm - Thanh Chương | Tọa độ nguồn: 18o49', 105o09'. Chưa xác minh datum và vị trí.</description><Point><coordinates>105.150000000,18.816666667,0</coordinates></Point></Placemark><Placemark><name>Cốc Nà</name><description>Châu Khê - Con Cuông | Tọa độ nguồn: 19o05', 104o45'. Chưa xác minh datum và vị trí.</description><Point><coordinates>104.750000000,19.083333333,0</coordinates></Point></Placemark><Placemark><name>Sơn Diệm</name><description>Sơn Diệm - Hương Sơn | Tọa độ nguồn: 18o30', 105o21'. Chưa xác minh datum và vị trí.</description><Point><coordinates>105.350000000,18.500000000,0</coordinates></Point></Placemark><Placemark><name>Hoà Duyệt</name><description>Đức Liên - Đức Thọ | Tọa độ nguồn: 18o22', 105o35'. Chưa xác minh datum và vị trí.</description><Point><coordinates>105.583333333,18.366666667,0</coordinates></Point></Placemark><Placemark><name>Chu Lễ</name><description>Hương Thuỷ - Hương Khê | Tọa độ nguồn: 18o13', 105o42'. Chưa xác minh datum và vị trí.</description><Point><coordinates>105.700000000,18.216666667,0</coordinates></Point></Placemark><Placemark><name>Cẩm Nhượng</name><description>Cẩm Nhượng- Cẩm Xuyên | Tọa độ nguồn: 18o15', 106o06'. Chưa xác minh datum và vị trí.</description><Point><coordinates>106.100000000,18.250000000,0</coordinates></Point></Placemark><Placemark><name>Linh Cảm</name><description>Tùng ảnh - Đức Thọ | Tọa độ nguồn: 18o32', 105o33'. Chưa xác minh datum và vị trí.</description><Point><coordinates>105.550000000,18.533333333,0</coordinates></Point></Placemark><Placemark><name>Thạch Đồng</name><description>Thạch Đồng - Thạch Hà | Tọa độ nguồn: 18o20', 105o54'. Chưa xác minh datum và vị trí.</description><Point><coordinates>105.900000000,18.333333333,0</coordinates></Point></Placemark><Placemark><name>Hương Đại</name><description>Hương Đại - Vũ Quang | Tọa độ nguồn: 18o24', 105o31'. Chưa xác minh datum và vị trí.</description><Point><coordinates>105.516666667,18.400000000,0</coordinates></Point></Placemark><Placemark><name>Đồng Tâm</name><description>Thuận Hoá - Tuyên Hoá | Tọa độ nguồn: 17o54', 106o01'. Chưa xác minh datum và vị trí.</description><Point><coordinates>106.016666667,17.900000000,0</coordinates></Point></Placemark><Placemark><name>Kiến Giang</name><description>Xã Kim Thuỷ - Lệ Thuỷ | Tọa độ nguồn: 17o07', 106o45'. Chưa xác minh datum và vị trí.</description><Point><coordinates>106.750000000,17.116666667,0</coordinates></Point></Placemark><Placemark><name>Lệ Thuỷ</name><description>Xuân Thuỷ - Lệ Thuỷ | Tọa độ nguồn: 17o13', 106o47'. Chưa xác minh datum và vị trí.</description><Point><coordinates>106.783333333,17.216666667,0</coordinates></Point></Placemark><Placemark><name>Tân Mỹ</name><description>Quảng Phúc- Quảng Trạch | Tọa độ nguồn: 17o42', 106o28'. Chưa xác minh datum và vị trí.</description><Point><coordinates>106.466666667,17.700000000,0</coordinates></Point></Placemark><Placemark><name>Mai Hoá</name><description>Mai Hoá - Tuyên Hóa | Tọa độ nguồn: 17o48', 106o11'. Chưa xác minh datum và vị trí.</description><Point><coordinates>106.183333333,17.800000000,0</coordinates></Point></Placemark><Placemark><name>Đồng Hới</name><description>P.Đồng Mỹ - TX Đồng Hơí | Tọa độ nguồn: 17o28', 106o37'. Chưa xác minh datum và vị trí.</description><Point><coordinates>106.616666667,17.466666667,0</coordinates></Point></Placemark><Placemark><name>Tân Lâm</name><description>Ngư Hoà - Tuyên Hoá | Tọa độ nguồn: 17o54', 106o13'. Chưa xác minh datum và vị trí.</description><Point><coordinates>106.216666667,17.900000000,0</coordinates></Point></Placemark><Placemark><name>Long Đại</name><description>Trường Sơn - Quảng Ninh | Tọa độ nguồn: 17o14', 106o19'. Chưa xác minh datum và vị trí.</description><Point><coordinates>106.316666667,17.233333333,0</coordinates></Point></Placemark><Placemark><name>Phong Nha</name><description>Sơn Trạch - Bố Trạch | Tọa độ nguồn: 17o37', 106o19'. Chưa xác minh datum và vị trí.</description><Point><coordinates>106.316666667,17.616666667,0</coordinates></Point></Placemark><Placemark><name>Gia Vòng</name><description>Vĩnh Tường - Gio Linh | Tọa độ nguồn: 16o57', 106o56'. Chưa xác minh datum và vị trí.</description><Point><coordinates>106.933333333,16.950000000,0</coordinates></Point></Placemark><Placemark><name>Đông Hà</name><description>Phường 3 - TX Đông Hà | Tọa độ nguồn: 16o50', 107o06'. Chưa xác minh datum và vị trí.</description><Point><coordinates>107.100000000,16.833333333,0</coordinates></Point></Placemark><Placemark><name>Đầu Màu</name><description>Cam Tuyền -  Cam Lộ | Tọa độ nguồn: 16o47', 106o53'. Chưa xác minh datum và vị trí.</description><Point><coordinates>106.883333333,16.783333333,0</coordinates></Point></Placemark><Placemark><name>Cửa Việt</name><description>Do Việt - Do Linh | Tọa độ nguồn: 16o53', 107o10'. Chưa xác minh datum và vị trí.</description><Point><coordinates>107.166666667,16.883333333,0</coordinates></Point></Placemark><Placemark><name>Thạch Hãn</name><description>Phường 2 - T.X. Quảng Trị  | Tọa độ nguồn: 16o45', 107o14'. Chưa xác minh datum và vị trí.</description><Point><coordinates>107.233333333,16.750000000,0</coordinates></Point></Placemark><Placemark><name>Hiền Lương</name><description>Vĩnh Giang - Vĩnh Linh | Tọa độ nguồn: 17o00', 107o05'. Chưa xác minh datum và vị trí.</description><Point><coordinates>107.083333333,17.000000000,0</coordinates></Point></Placemark><Placemark><name>Hải Tân</name><description>Hải Tân - Hải Lăng | Tọa độ nguồn: 16o41', 107o19'. Chưa xác minh datum và vị trí.</description><Point><coordinates>107.316666667,16.683333333,0</coordinates></Point></Placemark><Placemark><name>Dak Krông</name><description>Dak Krông - Dak Krông | Tọa độ nguồn: 16o40', 106o51'. Chưa xác minh datum và vị trí.</description><Point><coordinates>106.850000000,16.666666667,0</coordinates></Point></Placemark><Placemark><name>Thượng Nhật</name><description>Thượng Nhật - Nam Đông | Tọa độ nguồn: 16o07', 107o41'. Chưa xác minh datum và vị trí.</description><Point><coordinates>107.683333333,16.116666667,0</coordinates></Point></Placemark><Placemark><name>Phú ốc</name><description>Tứ Hạ - Hương Trà | Tọa độ nguồn: 16o32', 107o28'. Chưa xác minh datum và vị trí.</description><Point><coordinates>107.466666667,16.533333333,0</coordinates></Point></Placemark><Placemark><name>Kim Long</name><description>Phùng Đức - T.P. Huế | Tọa độ nguồn: 16o25', 107o34'. Chưa xác minh datum và vị trí.</description><Point><coordinates>107.566666667,16.416666667,0</coordinates></Point></Placemark><Placemark><name>Cổ Bi (Phong Sơn)</name><description>Phong Sơn - Phong Điền | Tọa độ nguồn: 16o26', 107o24'. Chưa xác minh datum và vị trí.</description><Point><coordinates>107.400000000,16.433333333,0</coordinates></Point></Placemark><Placemark><name>Bình Điền</name><description>Bình Điền - Hương Trà | Tọa độ nguồn: 16o21', 107o31'. Chưa xác minh datum và vị trí.</description><Point><coordinates>107.516666667,16.350000000,0</coordinates></Point></Placemark><Placemark><name>Thành Mỹ</name><description>Thành Mỹ - Huyện Giằng | Tọa độ nguồn: 15o46', 107o50'. Chưa xác minh datum và vị trí.</description><Point><coordinates>107.833333333,15.766666667,0</coordinates></Point></Placemark><Placemark><name>Nông Sơn</name><description>Quế Ninh - Quế Sơn | Tọa độ nguồn: 15o42', 108o03'. Chưa xác minh datum và vị trí.</description><Point><coordinates>108.050000000,15.700000000,0</coordinates></Point></Placemark><Placemark><name>Hiệp Đức</name><description>Tân An - Hiệp Đức | Tọa độ nguồn: 15o35', 108o07'. Chưa xác minh datum và vị trí.</description><Point><coordinates>108.116666667,15.583333333,0</coordinates></Point></Placemark><Placemark><name>Ái Nghĩa</name><description> Xã Đại Phước - Đại Lộc | Tọa độ nguồn: 15o53', 108o07'. Chưa xác minh datum và vị trí.</description><Point><coordinates>108.116666667,15.883333333,0</coordinates></Point></Placemark><Placemark><name>Giao Thuỷ</name><description>Duy Châu - Duy Xuyên | Tọa độ nguồn: 15o46', 108o01'. Chưa xác minh datum và vị trí.</description><Point><coordinates>108.016666667,15.766666667,0</coordinates></Point></Placemark><Placemark><name>Hội An</name><description>P.Sơn Phong - T.X.Hội An | Tọa độ nguồn: 15o52', 108o20'. Chưa xác minh datum và vị trí.</description><Point><coordinates>108.333333333,15.866666667,0</coordinates></Point></Placemark><Placemark><name>Câu Lâu</name><description>Tiện Rươu - Duy Xuyên | Tọa độ nguồn: 15o51', 108o17'. Chưa xác minh datum và vị trí.</description><Point><coordinates>108.283333333,15.850000000,0</coordinates></Point></Placemark><Placemark><name>Hội Khách</name><description> Đại Hồng - Huyện Đại Lộc | Tọa độ nguồn: 15o49', 107o49'. Chưa xác minh datum và vị trí.</description><Point><coordinates>107.816666667,15.816666667,0</coordinates></Point></Placemark><Placemark><name>Hiên</name><description>T.T Prao - Đông Giang | Tọa độ nguồn: 15o56', 107o39'. Chưa xác minh datum và vị trí.</description><Point><coordinates>107.650000000,15.933333333,0</coordinates></Point></Placemark><Placemark><name>Khâm Đức</name><description>Khâm Đức - Phước Sơn | Tọa độ nguồn: 15o26', 107o50'. Chưa xác minh datum và vị trí.</description><Point><coordinates>107.833333333,15.433333333,0</coordinates></Point></Placemark><Placemark><name>Cẩm Lệ</name><description> Hoà Thọ - Hoà Vang | Tọa độ nguồn: 16o02', 108o12'. Chưa xác minh datum và vị trí.</description><Point><coordinates>108.200000000,16.033333333,0</coordinates></Point></Placemark><Placemark><name>An Chỉ</name><description>Hành Phước - Nghĩa Hành | Tọa độ nguồn: 14o58', 108o48'. Chưa xác minh datum và vị trí.</description><Point><coordinates>108.800000000,14.966666667,0</coordinates></Point></Placemark><Placemark><name>Sơn Hà</name><description>T.T.Sơn Hà - Sơn Hà | Tọa độ nguồn: 14o53', 108o32'. Chưa xác minh datum và vị trí.</description><Point><coordinates>108.533333333,14.883333333,0</coordinates></Point></Placemark><Placemark><name>Sơn Giang</name><description> Sơn Giang - Sơn Hà | Tọa độ nguồn: 15o08', 108o31'. Chưa xác minh datum và vị trí.</description><Point><coordinates>108.516666667,15.133333333,0</coordinates></Point></Placemark><Placemark><name>Trà Khúc</name><description>Huyện Sơn Tịnh | Tọa độ nguồn: 15o08', 108o47'. Chưa xác minh datum và vị trí.</description><Point><coordinates>108.783333333,15.133333333,0</coordinates></Point></Placemark><Placemark><name>Châu ổ</name><description>T.T Châu ổ - Bình Sơn | Tọa độ nguồn: 15o18', 108o45'. Chưa xác minh datum và vị trí.</description><Point><coordinates>108.750000000,15.300000000,0</coordinates></Point></Placemark><Placemark><name>Trà Bồng</name><description>Trà Xuân - Trà Bồng | Tọa độ nguồn: 15o17', 108o38'. Chưa xác minh datum và vị trí.</description><Point><coordinates>108.633333333,15.283333333,0</coordinates></Point></Placemark><Placemark><name>An Hoà</name><description> An Hoà - An Lão | Tọa độ nguồn: 13o56', 108o54'. Chưa xác minh datum và vị trí.</description><Point><coordinates>108.900000000,13.933333333,0</coordinates></Point></Placemark><Placemark><name>Bình Tường</name><description> Bình Tường - Tây Sơn | Tọa độ nguồn: 13o56', 108o52'. Chưa xác minh datum và vị trí.</description><Point><coordinates>108.866666667,13.933333333,0</coordinates></Point></Placemark><Placemark><name>Vĩnh Sơn</name><description>Vĩnh Sơn - Vĩnh Thạnh | Tọa độ nguồn: 14o18', 108o46'. Chưa xác minh datum và vị trí.</description><Point><coordinates>108.766666667,14.300000000,0</coordinates></Point></Placemark><Placemark><name>Ninh Hoà</name><description> Ninh Hiệp - Ninh Hoà | Tọa độ nguồn: 12o30', 109o07'. Chưa xác minh datum và vị trí.</description><Point><coordinates>109.116666667,12.500000000,0</coordinates></Point></Placemark><Placemark><name>Đồng Trăng</name><description>Diên Thọ - Diên Khánh | Tọa độ nguồn: 12o17', 108o56'. Chưa xác minh datum và vị trí.</description><Point><coordinates>108.933333333,12.283333333,0</coordinates></Point></Placemark><Placemark><name>Nha Trang</name><description>Diên Phú - Diên Khánh | Tọa độ nguồn: 12o18', 109o08'. Chưa xác minh datum và vị trí.</description><Point><coordinates>109.133333333,12.300000000,0</coordinates></Point></Placemark><Placemark><name>Củng Sơn</name><description>Sơn Bình - Sơn Hoà | Tọa độ nguồn: 13o02', 108o59'. Chưa xác minh datum và vị trí.</description><Point><coordinates>108.983333333,13.033333333,0</coordinates></Point></Placemark><Placemark><name>Hà Bằng</name><description>Xuân Sơn - Đồng Xuân | Tọa độ nguồn: 13o21', 109o07'. Chưa xác minh datum và vị trí.</description><Point><coordinates>109.116666667,13.350000000,0</coordinates></Point></Placemark><Placemark><name>Phú Lâm</name><description>Thị xã Tuy Hoà - Tuy Hoà | Tọa độ nguồn: 13o04', 109o18'. Chưa xác minh datum và vị trí.</description><Point><coordinates>109.300000000,13.066666667,0</coordinates></Point></Placemark><Placemark><name>Sông Hinh</name><description>Đức Bình Đông- Sông Hinh | Tọa độ nguồn: 13o01', 108o58'. Chưa xác minh datum và vị trí.</description><Point><coordinates>108.966666667,13.016666667,0</coordinates></Point></Placemark><Placemark><name>Tân Mỹ</name><description> Mỹ Sơn - Ninh Sơn | Tọa độ nguồn: 11o50', 108o48'. Chưa xác minh datum và vị trí.</description><Point><coordinates>108.800000000,11.833333333,0</coordinates></Point></Placemark><Placemark><name>Tà Pao</name><description>Đồng Kho - Tánh Linh | Tọa độ nguồn: 11o08', 107o43'. Chưa xác minh datum và vị trí.</description><Point><coordinates>107.716666667,11.133333333,0</coordinates></Point></Placemark><Placemark><name>Sông Luỹ</name><description>Suối Nhum - Bắc Bình | Tọa độ nguồn: 11o12', 108o20'. Chưa xác minh datum và vị trí.</description><Point><coordinates>108.333333333,11.200000000,0</coordinates></Point></Placemark><Placemark><name>Tân Minh</name><description>Tân Minh - Hàm Tân | Tọa độ nguồn: 10o48', 107o38'. Chưa xác minh datum và vị trí.</description><Point><coordinates>107.633333333,10.800000000,0</coordinates></Point></Placemark><Placemark><name>Đắc Mốt</name><description>Tân Cảnh - Đắc Tô | Tọa độ nguồn: 14045', 107046'. Chưa xác minh datum và vị trí.</description><Point><coordinates>107.766666667,14.750000000,0</coordinates></Point></Placemark><Placemark><name>ComPlông</name><description>Tân Lập - ComPlông | Tọa độ nguồn: 14028', 108008'. Chưa xác minh datum và vị trí.</description><Point><coordinates>108.133333333,14.466666667,0</coordinates></Point></Placemark><Placemark><name>Kon Tum</name><description>Thắng Lợi - TX Kon Tum | Tọa độ nguồn: 14o20', 108o01'. Chưa xác minh datum và vị trí.</description><Point><coordinates>108.016666667,14.333333333,0</coordinates></Point></Placemark><Placemark><name>Đắc Tô</name><description>Tân Cảnh - Đắc Tô | Tọa độ nguồn: 14o32', 107o50'. Chưa xác minh datum và vị trí.</description><Point><coordinates>107.833333333,14.533333333,0</coordinates></Point></Placemark><Placemark><name>Mơ Ray</name><description>Mơ Ray - Sa Thầy | Tọa độ nguồn: 14o20', 107o30'. Chưa xác minh datum và vị trí.</description><Point><coordinates>107.500000000,14.333333333,0</coordinates></Point></Placemark><Placemark><name>Đắc Nghé</name><description>Đắc Ruồng - KonPlông | Tọa độ nguồn: 14o30', 108o12'. Chưa xác minh datum và vị trí.</description><Point><coordinates>108.200000000,14.500000000,0</coordinates></Point></Placemark><Placemark><name>An Khê</name><description>Thị trấn An Khê | Tọa độ nguồn: 13o57', 108o39'. Chưa xác minh datum và vị trí.</description><Point><coordinates>108.650000000,13.950000000,0</coordinates></Point></Placemark><Placemark><name>AyunPa</name><description>Phú Hoà - Ayunpa | Tọa độ nguồn: 13o28', 108o28'. Chưa xác minh datum và vị trí.</description><Point><coordinates>108.466666667,13.466666667,0</coordinates></Point></Placemark><Placemark><name>Pơ Mơ Rê</name><description>H'va - Mang Giang | Tọa độ nguồn: 14o02', 108o21'. Chưa xác minh datum và vị trí.</description><Point><coordinates>108.350000000,14.033333333,0</coordinates></Point></Placemark><Placemark><name>Ia Mrơn</name><description>Ia Mrơn - Ayunpa | Tọa độ nguồn: 13o28', 108o25'. Chưa xác minh datum và vị trí.</description><Point><coordinates>108.416666667,13.466666667,0</coordinates></Point></Placemark><Placemark><name>Ia Mơ</name><description>Ia Mơ - Chư Prông | Tọa độ nguồn: 13o23', 107o11'. Chưa xác minh datum và vị trí.</description><Point><coordinates>107.183333333,13.383333333,0</coordinates></Point></Placemark><Placemark><name>Ia Bông</name><description>Ia Puk - Chư Prông | Tọa độ nguồn: 13o35', 107o45'. Chưa xác minh datum và vị trí.</description><Point><coordinates>107.750000000,13.583333333,0</coordinates></Point></Placemark><Placemark><name>Yang Nam</name><description>Yang Nam - Krông Chro | Tọa độ nguồn: 13o34', 108o31'. Chưa xác minh datum và vị trí.</description><Point><coordinates>108.516666667,13.566666667,0</coordinates></Point></Placemark><Placemark><name>Chư Drăm</name><description>Chư Drăm - Krông Pa | Tọa độ nguồn: 13o14', 108o40'. Chưa xác minh datum và vị trí.</description><Point><coordinates>108.666666667,13.233333333,0</coordinates></Point></Placemark><Placemark><name>Giang Sơn</name><description>Hoà Hiệp - Krông Ana | Tọa độ nguồn: 12o30', 108o12'. Chưa xác minh datum và vị trí.</description><Point><coordinates>108.200000000,12.500000000,0</coordinates></Point></Placemark><Placemark><name>Krông Buk</name><description>Krông Buk - Krông Bak | Tọa độ nguồn: 12o45', 108o25'. Chưa xác minh datum và vị trí.</description><Point><coordinates>108.416666667,12.750000000,0</coordinates></Point></Placemark><Placemark><name>Bản Đôn</name><description>Krông Ana - Easoup | Tọa độ nguồn: 12o54', 107o46'. Chưa xác minh datum và vị trí.</description><Point><coordinates>107.766666667,12.900000000,0</coordinates></Point></Placemark><Placemark><name>Krông Knô</name><description>Krông Knô - Lắk | Tọa độ nguồn: 12o12', 108o09'. Chưa xác minh datum và vị trí.</description><Point><coordinates>108.150000000,12.200000000,0</coordinates></Point></Placemark><Placemark><name>Ea Lê</name><description>Ya Tờ mốt - Ea Súp | Tọa độ nguồn: 13o29', 107o47'. Chưa xác minh datum và vị trí.</description><Point><coordinates>107.783333333,13.483333333,0</coordinates></Point></Placemark><Placemark><name>Cầu 14</name><description>Cư Jút - TX Buôn Mê Thuột | Tọa độ nguồn: 12o36', 107o56'. Chưa xác minh datum và vị trí.</description><Point><coordinates>107.933333333,12.600000000,0</coordinates></Point></Placemark><Placemark><name>Đắc Nông</name><description>Gia Nghĩa - Đắc Nông | Tọa độ nguồn: 12o00', 107o41'. Chưa xác minh datum và vị trí.</description><Point><coordinates>107.683333333,12.000000000,0</coordinates></Point></Placemark><Placemark><name>Đức Xuyên</name><description>Quảng Phú - Krông Kno | Tọa độ nguồn: 12o17', 107o59'. Chưa xác minh datum và vị trí.</description><Point><coordinates>107.983333333,12.283333333,0</coordinates></Point></Placemark><Placemark><name>Thanh Bình</name><description>Bình Thanh - Đức Trọng | Tọa độ nguồn: 11o47', 108o17'. Chưa xác minh datum và vị trí.</description><Point><coordinates>108.283333333,11.783333333,0</coordinates></Point></Placemark><Placemark><name>Đại Nga</name><description>Lộc An - Bảo Lộc | Tọa độ nguồn: 11o32', 107o52'. Chưa xác minh datum và vị trí.</description><Point><coordinates>107.866666667,11.533333333,0</coordinates></Point></Placemark><Placemark><name>Đại Ninh</name><description>Phú Hội - Đức Trọng | Tọa độ nguồn: 11o39', 108o18'. Chưa xác minh datum và vị trí.</description><Point><coordinates>108.300000000,11.650000000,0</coordinates></Point></Placemark><Placemark><name>Đình Lạc</name><description>Đình Lạc - Di Linh | Tọa độ nguồn: 11o34', 108o04'. Chưa xác minh datum và vị trí.</description><Point><coordinates>108.066666667,11.566666667,0</coordinates></Point></Placemark><Placemark><name>Lộc Bắc</name><description>Lộc Bắc- Bảo Lâm | Tọa độ nguồn: 11o50', 107o35'. Chưa xác minh datum và vị trí.</description><Point><coordinates>107.583333333,11.833333333,0</coordinates></Point></Placemark><Placemark><name>Tân Lập</name><description>Tân Lập - Đồng Phú | Tọa độ nguồn: 11o20', 107o00'. Chưa xác minh datum và vị trí.</description><Point><coordinates>107.000000000,11.333333333,0</coordinates></Point></Placemark><Placemark><name>Minh Đức</name><description>Minh Đức - Bình Long | Tọa độ nguồn: 11o35', 106o26'. Chưa xác minh datum và vị trí.</description><Point><coordinates>106.433333333,11.583333333,0</coordinates></Point></Placemark><Placemark><name>Đắc RLáp</name><description>Đoàn Kết - Bù Đăngc | Tọa độ nguồn: 11o50', 107o13'. Chưa xác minh datum và vị trí.</description><Point><coordinates>107.216666667,11.833333333,0</coordinates></Point></Placemark><Placemark><name>Phước Hoà</name><description>Phước Hoà - Tân Uyên | Tọa độ nguồn: 11o14', 106o46'. Chưa xác minh datum và vị trí.</description><Point><coordinates>106.766666667,11.233333333,0</coordinates></Point></Placemark><Placemark><name>Thủ Dầu Một</name><description>Thủ Dầu I - Bình Dương | Tọa độ nguồn: 10o59', 106o39'. Chưa xác minh datum và vị trí.</description><Point><coordinates>106.650000000,10.983333333,0</coordinates></Point></Placemark><Placemark><name>Dầu Tiếng</name><description>Dầu Tiếng - Bến Cát | Tọa độ nguồn: 11o19', 106o21'. Chưa xác minh datum và vị trí.</description><Point><coordinates>106.350000000,11.316666667,0</coordinates></Point></Placemark><Placemark><name>Cần Đăng</name><description>Thạnh Tây - Tân Biên | Tọa độ nguồn: 11o32', 106o00'. Chưa xác minh datum và vị trí.</description><Point><coordinates>106.000000000,11.533333333,0</coordinates></Point></Placemark><Placemark><name>Gò Dầu Hạ</name><description>Khu phố III - T.T. Gò Dầu | Tọa độ nguồn: 11o05', 106o16'. Chưa xác minh datum và vị trí.</description><Point><coordinates>106.266666667,11.083333333,0</coordinates></Point></Placemark><Placemark><name>Phú An</name><description>P Bến Nghé - Quận I | Tọa độ nguồn: 10o46', 106o42'. Chưa xác minh datum và vị trí.</description><Point><coordinates>106.700000000,10.766666667,0</coordinates></Point></Placemark><Placemark><name>Nhà Bè</name><description>Thành phố Hồ Chí Minh | Tọa độ nguồn: 10o41', 106o47'. Chưa xác minh datum và vị trí.</description><Point><coordinates>106.783333333,10.683333333,0</coordinates></Point></Placemark><Placemark><name>Thị Vải</name><description>Thạch An - Cần Giờ | Tọa độ nguồn: 10o34', 107o03'. Chưa xác minh datum và vị trí.</description><Point><coordinates>107.050000000,10.566666667,0</coordinates></Point></Placemark><Placemark><name>Soài Rạp</name><description>Lý Nhơn - Cần Giờ | Tọa độ nguồn: 10o30', 106o46'. Chưa xác minh datum và vị trí.</description><Point><coordinates>106.766666667,10.500000000,0</coordinates></Point></Placemark><Placemark><name>Biên Hoà</name><description>P. Quyết Thắng - Biên Hoà | Tọa độ nguồn: 10o56', 106o49'. Chưa xác minh datum và vị trí.</description><Point><coordinates>106.816666667,10.933333333,0</coordinates></Point></Placemark><Placemark><name>Tà Lài</name><description>Tà Lài - Tân Phú | Tọa độ nguồn: 11o22', 107o22'. Chưa xác minh datum và vị trí.</description><Point><coordinates>107.366666667,11.366666667,0</coordinates></Point></Placemark><Placemark><name>Mỹ Tho</name><description>Đường 30-4 - Mỹ Tho | Tọa độ nguồn: 10o21', 106o22'. Chưa xác minh datum và vị trí.</description><Point><coordinates>106.366666667,10.350000000,0</coordinates></Point></Placemark><Placemark><name>Vàm Kênh</name><description>Tân Thành - Gò Công Đông | Tọa độ nguồn: 10o16', 106o44'. Chưa xác minh datum và vị trí.</description><Point><coordinates>106.733333333,10.266666667,0</coordinates></Point></Placemark><Placemark><name>Hoà Bình</name><description>Vĩnh Hựu - Gò Công Tây | Tọa độ nguồn: 10o17', 106o35'. Chưa xác minh datum và vị trí.</description><Point><coordinates>106.583333333,10.283333333,0</coordinates></Point></Placemark><Placemark><name>Cai Lậy</name><description>Thị trấn Cai Lậy - Cai Lậy | Tọa độ nguồn: 10o25', 106o03'. Chưa xác minh datum và vị trí.</description><Point><coordinates>106.050000000,10.416666667,0</coordinates></Point></Placemark><Placemark><name>Long Định</name><description> Long Định - Châu Thành | Tọa độ nguồn: 10o20', 106o15'. Chưa xác minh datum và vị trí.</description><Point><coordinates>106.250000000,10.333333333,0</coordinates></Point></Placemark><Placemark><name>Hoà Hưng</name><description>Phước Hưng | Tọa độ nguồn: 10o32', 107o10'. Chưa xác minh datum và vị trí.</description><Point><coordinates>107.166666667,10.533333333,0</coordinates></Point></Placemark><Placemark><name>Bông Trang</name><description>Bông Trang | Tọa độ nguồn: 10o33', 107o20'. Chưa xác minh datum và vị trí.</description><Point><coordinates>107.333333333,10.550000000,0</coordinates></Point></Placemark><Placemark><name>Tân An</name><description>Thị xã Tân An | Tọa độ nguồn: 10o32', 106o25'. Chưa xác minh datum và vị trí.</description><Point><coordinates>106.416666667,10.533333333,0</coordinates></Point></Placemark><Placemark><name>Bến Lức</name><description>Thị trấn Bến Lức - Bến Lức | Tọa độ nguồn: 10o38', 106o28'. Chưa xác minh datum và vị trí.</description><Point><coordinates>106.466666667,10.633333333,0</coordinates></Point></Placemark><Placemark><name>Mộc Hoá</name><description>Thị trấn Mộc Hoá | Tọa độ nguồn: 10o46', 105o56'. Chưa xác minh datum và vị trí.</description><Point><coordinates>105.933333333,10.766666667,0</coordinates></Point></Placemark><Placemark><name>Tuyên Nhơn</name><description>T.Trấn Thạnh Hoá | Tọa độ nguồn: 10o39', 106o11'. Chưa xác minh datum và vị trí.</description><Point><coordinates>106.183333333,10.650000000,0</coordinates></Point></Placemark><Placemark><name>Kiến Bình</name><description>Tân Thạnh - Tân Thạnh | Tọa độ nguồn: 10o36', 105o02'. Chưa xác minh datum và vị trí.</description><Point><coordinates>105.033333333,10.600000000,0</coordinates></Point></Placemark><Placemark><name>Cầu Nổi</name><description>Tân An - Cần Đước | Tọa độ nguồn: 10o28', 106o34'. Chưa xác minh datum và vị trí.</description><Point><coordinates>106.566666667,10.466666667,0</coordinates></Point></Placemark><Placemark><name>Cao Lãnh</name><description>Phường 6 - Cao Lãnh | Tọa độ nguồn: 10o27', 105o38'. Chưa xác minh datum và vị trí.</description><Point><coordinates>105.633333333,10.450000000,0</coordinates></Point></Placemark><Placemark><name>Trường Xuân</name><description>Trường Xuân - Tháp Mười | Tọa độ nguồn: 10046', 105047'. Chưa xác minh datum và vị trí.</description><Point><coordinates>105.783333333,10.766666667,0</coordinates></Point></Placemark><Placemark><name>Tân Thành</name><description>Tân Thành A - Tân Hồng | Tọa độ nguồn: 10o50', 105o35'. Chưa xác minh datum và vị trí.</description><Point><coordinates>105.583333333,10.833333333,0</coordinates></Point></Placemark><Placemark><name>Hồng Ngự</name><description>An Bình A - Hồng Ngự | Tọa độ nguồn: 10o47', 105o01'. Chưa xác minh datum và vị trí.</description><Point><coordinates>105.016666667,10.783333333,0</coordinates></Point></Placemark><Placemark><name>Phú Ninh</name><description>Phú Ninh - Tam Nông | Tọa độ nguồn: 10o42', 105o03'. Chưa xác minh datum và vị trí.</description><Point><coordinates>105.050000000,10.700000000,0</coordinates></Point></Placemark><Placemark><name>Phong Mỹ</name><description>Phong Mỹ - Cao Lãnh | Tọa độ nguồn: 10o31', 105o35'. Chưa xác minh datum và vị trí.</description><Point><coordinates>105.583333333,10.516666667,0</coordinates></Point></Placemark><Placemark><name>Mỹ An</name><description>Mỹ An - Tháp Mười | Tọa độ nguồn: 10o29', 105o52'. Chưa xác minh datum và vị trí.</description><Point><coordinates>105.866666667,10.483333333,0</coordinates></Point></Placemark><Placemark><name>Rạch Giá</name><description>P.Vĩnh Thanh - Rạch Giá  | Tọa độ nguồn: 10o00', 105o05'. Chưa xác minh datum và vị trí.</description><Point><coordinates>105.083333333,10.000000000,0</coordinates></Point></Placemark><Placemark><name>Tân Hiệp</name><description>Thạnh Đông B - Tân Hiệp | Tọa độ nguồn: 10o05', 105o15'. Chưa xác minh datum và vị trí.</description><Point><coordinates>105.250000000,10.083333333,0</coordinates></Point></Placemark><Placemark><name>Xẻo Rô</name><description>Tây Yên - An Biên | Tọa độ nguồn: 9o52', 105o06'. Chưa xác minh datum và vị trí.</description><Point><coordinates>105.100000000,9.866666667,0</coordinates></Point></Placemark><Placemark><name>Giang Thành</name><description>Tân Khánh Hoà - Kiên Lương | Tọa độ nguồn: 10o30', 104o36'. Chưa xác minh datum và vị trí.</description><Point><coordinates>104.600000000,10.500000000,0</coordinates></Point></Placemark><Placemark><name>Hòn Đất</name><description>Nam Thái Sơn - Hòn Đất | Tọa độ nguồn: 10o13', 104o55'. Chưa xác minh datum và vị trí.</description><Point><coordinates>104.916666667,10.216666667,0</coordinates></Point></Placemark><Placemark><name>Long Xuyên</name><description>P Mĩ Bình- TX Long Xuyên | Tọa độ nguồn: 10o23', 105o27'. Chưa xác minh datum và vị trí.</description><Point><coordinates>105.450000000,10.383333333,0</coordinates></Point></Placemark><Placemark><name>Chợ Mới</name><description>Ấp 1- Thị trấn Chợ Mới | Tọa độ nguồn: 10o25', 105o33'. Chưa xác minh datum và vị trí.</description><Point><coordinates>105.550000000,10.416666667,0</coordinates></Point></Placemark><Placemark><name>Vàm Nao</name><description>Tân Hoà - Phú Tân | Tọa độ nguồn: 10o36', 105o20'. Chưa xác minh datum và vị trí.</description><Point><coordinates>105.333333333,10.600000000,0</coordinates></Point></Placemark><Placemark><name>Tân Châu</name><description>Tân Châu - Phú Châu | Tọa độ nguồn: 10o48', 105o13'. Chưa xác minh datum và vị trí.</description><Point><coordinates>105.216666667,10.800000000,0</coordinates></Point></Placemark><Placemark><name>Châu Đốc</name><description>P.Châu Phú A - Châu Đốc | Tọa độ nguồn: 10o42', 105o06'. Chưa xác minh datum và vị trí.</description><Point><coordinates>105.100000000,10.700000000,0</coordinates></Point></Placemark><Placemark><name>Xuân Tô</name><description>Xuân Tô - Tịnh Biên | Tọa độ nguồn: 10o39', 105o00'. Chưa xác minh datum và vị trí.</description><Point><coordinates>105.000000000,10.650000000,0</coordinates></Point></Placemark><Placemark><name>Tri Tôn</name><description>Tà Đảnh - Tri Tôn | Tọa độ nguồn: 10o26', 105o03'. Chưa xác minh datum và vị trí.</description><Point><coordinates>105.050000000,10.433333333,0</coordinates></Point></Placemark><Placemark><name>Vĩnh Gia</name><description>Vĩnh Gia - Tri Tôn | Tọa độ nguồn: 10o30', 104o49'. Chưa xác minh datum và vị trí.</description><Point><coordinates>104.816666667,10.500000000,0</coordinates></Point></Placemark><Placemark><name>Mỹ Thuận</name><description>Tân Thuận Hưng - Tân Hoà Bắc | Tọa độ nguồn: 10o16', 105o54'. Chưa xác minh datum và vị trí.</description><Point><coordinates>105.900000000,10.266666667,0</coordinates></Point></Placemark><Placemark><name>Cái Vồn</name><description>Thuận An - Bình Minh | Tọa độ nguồn: 10o08', 105o49'. Chưa xác minh datum và vị trí.</description><Point><coordinates>105.816666667,10.133333333,0</coordinates></Point></Placemark><Placemark><name>Chợ Lách</name><description>Sơn Định - Chợ Lách | Tọa độ nguồn: 10o17', 106o07'. Chưa xác minh datum và vị trí.</description><Point><coordinates>106.116666667,10.283333333,0</coordinates></Point></Placemark><Placemark><name>Mỹ Hoá</name><description>Phường 7 - T.Xã Bến Tre | Tọa độ nguồn: 10o13', 106o20'. Chưa xác minh datum và vị trí.</description><Point><coordinates>106.333333333,10.216666667,0</coordinates></Point></Placemark><Placemark><name>An Thuận</name><description>An Thuỷ - Ba Tri | Tọa độ nguồn: 9o58', 106o36'. Chưa xác minh datum và vị trí.</description><Point><coordinates>106.600000000,9.966666667,0</coordinates></Point></Placemark><Placemark><name>Bình Đại</name><description>Bình Thắng - Bình Đại | Tọa độ nguồn: 10o11', 106o42'. Chưa xác minh datum và vị trí.</description><Point><coordinates>106.700000000,10.183333333,0</coordinates></Point></Placemark><Placemark><name>Bến Trại</name><description> An Thuận - Thanh Phúc | Tọa độ nguồn: 9o52', 106o31'. Chưa xác minh datum và vị trí.</description><Point><coordinates>106.516666667,9.866666667,0</coordinates></Point></Placemark><Placemark><name>Phú Long</name><description>Phú Long- Bình Đại | Tọa độ nguồn: 10o12', 106o34'. Chưa xác minh datum và vị trí.</description><Point><coordinates>106.566666667,10.200000000,0</coordinates></Point></Placemark><Placemark><name>Cần Thơ</name><description>P. Cát Khê - T.P Cần Thơ | Tọa độ nguồn: 10o02', 105o47'. Chưa xác minh datum và vị trí.</description><Point><coordinates>105.783333333,10.033333333,0</coordinates></Point></Placemark><Placemark><name>Phụng Hiệp</name><description>Phụng Hiệp - Phụng Hiệp | Tọa độ nguồn: 9o48', 105o09'. Chưa xác minh datum và vị trí.</description><Point><coordinates>105.150000000,9.800000000,0</coordinates></Point></Placemark><Placemark><name>Đại Ngải</name><description>Đại Ngải - Long Phù | Tọa độ nguồn: 9o48', 106o01'. Chưa xác minh datum và vị trí.</description><Point><coordinates>106.016666667,9.800000000,0</coordinates></Point></Placemark><Placemark><name>Mỹ Thanh</name><description>Trung Bình 7 - Long Phú | Tọa độ nguồn: 9o25', 105o10'. Chưa xác minh datum và vị trí.</description><Point><coordinates>105.166666667,9.416666667,0</coordinates></Point></Placemark><Placemark><name>Sóc Trăng</name><description>Lịch Hội Thượng - Long Phú | Tọa độ nguồn: 9o29', 106o11'. Chưa xác minh datum và vị trí.</description><Point><coordinates>106.183333333,9.483333333,0</coordinates></Point></Placemark><Placemark><name>Gành Hào</name><description>Thị trấn Gành Hào- Giá Rai | Tọa độ nguồn: 9o02', 105o24'. Chưa xác minh datum và vị trí.</description><Point><coordinates>105.400000000,9.033333333,0</coordinates></Point></Placemark><Placemark><name>Phước Long</name><description>Phước Long - Hồng Dân | Tọa độ nguồn: 9o26', 105o27'. Chưa xác minh datum và vị trí.</description><Point><coordinates>105.450000000,9.433333333,0</coordinates></Point></Placemark><Placemark><name>Năm Căn</name><description>Ngọc Hiển - Ngọc Hiển | Tọa độ nguồn: 8o46', 105o01'. Chưa xác minh datum và vị trí.</description><Point><coordinates>105.016666667,8.766666667,0</coordinates></Point></Placemark><Placemark><name>Bạc Liêu</name><description>P5 - Bạc Liêu | Tọa độ nguồn: 9o18', 105o44'. Chưa xác minh datum và vị trí.</description><Point><coordinates>105.733333333,9.300000000,0</coordinates></Point></Placemark><Placemark><name>Cà Mau</name><description>Phường 7 - Thị xã Cà Mau | Tọa độ nguồn: 9o10', 105o08'. Chưa xác minh datum và vị trí.</description><Point><coordinates>105.133333333,9.166666667,0</coordinates></Point></Placemark><Placemark><name>Sông Đốc</name><description>Thị trấn Ông Đốc - Cà Mau | Tọa độ nguồn: 9o02', 104o50'. Chưa xác minh datum và vị trí.</description><Point><coordinates>104.833333333,9.033333333,0</coordinates></Point></Placemark><Placemark><name>U Minh</name><description>Khánh Hoà - U Minh | Tọa độ nguồn: 9o32', 105o00'. Chưa xác minh datum và vị trí.</description><Point><coordinates>105.000000000,9.533333333,0</coordinates></Point></Placemark><Placemark><name>Vị Thanh</name><description>Vị Thanh - Vị Thanh | Tọa độ nguồn: 9o46', 105o27'. Chưa xác minh datum và vị trí.</description><Point><coordinates>105.450000000,9.766666667,0</coordinates></Point></Placemark><Placemark><name>Trà Vinh</name><description>Vĩnh Hưng - Long Đức | Tọa độ nguồn: 9o56', 106o20'. Chưa xác minh datum và vị trí.</description><Point><coordinates>106.333333333,9.933333333,0</coordinates></Point></Placemark><Placemark><name>Châu Thành</name><description>Đa Lộc - Châu Thành | Tọa độ nguồn: 9o53', 106o21'. Chưa xác minh datum và vị trí.</description><Point><coordinates>106.350000000,9.883333333,0</coordinates></Point></Placemark></Folder><Folder><name>Hải văn</name><Placemark><name>Bãi Cháy</name><description>Bãi Cháy, TP Hạ Long | Tọa độ nguồn: 20058’, 107004’. Chưa xác minh datum và vị trí.</description><Point><coordinates>107.066666667,20.966666667,0</coordinates></Point></Placemark><Placemark><name>Cô Tô</name><description>Cô Tô, Cô Tô | Tọa độ nguồn: 20059’, 107046’. Chưa xác minh datum và vị trí.</description><Point><coordinates>107.766666667,20.983333333,0</coordinates></Point></Placemark><Placemark><name>Cửa Ông</name><description>Cửa Ông, Cẩm Phả | Tọa độ nguồn: 21001’, 107021’. Chưa xác minh datum và vị trí.</description><Point><coordinates>107.350000000,21.016666667,0</coordinates></Point></Placemark><Placemark><name>Trà Cổ</name><description>Trà Cổ, Quảng Ninh | Tọa độ nguồn: 21025', 107058'. Chưa xác minh datum và vị trí.</description><Point><coordinates>107.966666667,21.416666667,0</coordinates></Point></Placemark><Placemark><name>Mũi Chùa</name><description>Mũi Chùa, Quảng Ninh | Tọa độ nguồn: 21022', 107044'. Chưa xác minh datum và vị trí.</description><Point><coordinates>107.733333333,21.366666667,0</coordinates></Point></Placemark><Placemark><name>Bạch Long Vĩ</name><description>Bạch Long Vĩ, Đ Bạch Long Vĩ | Tọa độ nguồn: 20008’, 107043’. Chưa xác minh datum và vị trí.</description><Point><coordinates>107.716666667,20.133333333,0</coordinates></Point></Placemark><Placemark><name>Hòn Dấu</name><description>Hòn Dấu, Đồ Sơn | Tọa độ nguồn: 20040’, 106048’. Chưa xác minh datum và vị trí.</description><Point><coordinates>106.800000000,20.666666667,0</coordinates></Point></Placemark><Placemark><name>Ba Lạt</name><description>Nam Phú, Tiền Hải | Tọa độ nguồn: 20017’, 106035’. Chưa xác minh datum và vị trí.</description><Point><coordinates>106.583333333,20.283333333,0</coordinates></Point></Placemark><Placemark><name>Sầm Sơn</name><description>Sầm Sơn, TX Sầm Sơn | Tọa độ nguồn: 19045’, 105054’. Chưa xác minh datum và vị trí.</description><Point><coordinates>105.900000000,19.750000000,0</coordinates></Point></Placemark><Placemark><name>Hòn Mê</name><description>Hòn Mê, Tĩnh Gia | Tọa độ nguồn: 19022’, 105057’. Chưa xác minh datum và vị trí.</description><Point><coordinates>105.950000000,19.366666667,0</coordinates></Point></Placemark><Placemark><name>Hòn Ngư</name><description>Hòn Ngư, TX Cửa Lò | Tọa độ nguồn: 18048’, 105046’. Chưa xác minh datum và vị trí.</description><Point><coordinates>105.766666667,18.800000000,0</coordinates></Point></Placemark><Placemark><name>Hoành Sơn</name><description>Kỳ Nam, Kỳ Anh | Tọa độ nguồn: 17057’, 106027’. Chưa xác minh datum và vị trí.</description><Point><coordinates>106.450000000,17.950000000,0</coordinates></Point></Placemark><Placemark><name>Vũng Áng</name><description>Vũng Áng, Kỳ Anh, Hà Tĩnh | Tọa độ nguồn: 18007', 106024'. Chưa xác minh datum và vị trí.</description><Point><coordinates>106.400000000,18.116666667,0</coordinates></Point></Placemark><Placemark><name>Cồn Cỏ</name><description>Cồn Cỏ, Vĩnh Linh | Tọa độ nguồn: 17010’, 107020’. Chưa xác minh datum và vị trí.</description><Point><coordinates>107.333333333,17.166666667,0</coordinates></Point></Placemark><Placemark><name>Thuận An</name><description>Cửa Thuận An, Huế, Thừa Thiên Huế | Tọa độ nguồn: 16034', 107045'. Chưa xác minh datum và vị trí.</description><Point><coordinates>107.750000000,16.566666667,0</coordinates></Point></Placemark><Placemark><name>Cù Lao Chàm</name><description>Tân Hiệp, Tân Hiệp | Tọa độ nguồn: 15057’, 108032’. Chưa xác minh datum và vị trí.</description><Point><coordinates>108.533333333,15.950000000,0</coordinates></Point></Placemark><Placemark><name>Hoàng Sa</name><description>Hoàng Sa, Đảo Hoàng Sa | Tọa độ nguồn: 16033’, 111037’. Chưa xác minh datum và vị trí.</description><Point><coordinates>111.616666667,16.550000000,0</coordinates></Point></Placemark><Placemark><name>Sơn Trà</name><description> Sơn Trà, Đã Nẵng | Tọa độ nguồn: 16006', 108013'. Chưa xác minh datum và vị trí.</description><Point><coordinates>108.216666667,16.100000000,0</coordinates></Point></Placemark><Placemark><name>Lý Sơn</name><description>Lý Hải, Lý Sơn | Tọa độ nguồn: 15023’, 109009’. Chưa xác minh datum và vị trí.</description><Point><coordinates>109.150000000,15.383333333,0</coordinates></Point></Placemark><Placemark><name>Quy Nhơn</name><description>Quy Nhơn, Bình Định | Tọa độ nguồn: 13046', 109015'. Chưa xác minh datum và vị trí.</description><Point><coordinates>109.250000000,13.766666667,0</coordinates></Point></Placemark><Placemark><name>Cam Ranh</name><description>Ba Ngòi, Cam Ranh | Tọa độ nguồn: 11055’, 109009’. Chưa xác minh datum và vị trí.</description><Point><coordinates>109.150000000,11.916666667,0</coordinates></Point></Placemark><Placemark><name>Trường Sa</name><description>Trường Sa Lớn, Trường Sa | Tọa độ nguồn: 8039’, 111055’. Chưa xác minh datum và vị trí.</description><Point><coordinates>111.916666667,8.650000000,0</coordinates></Point></Placemark><Placemark><name>Song Tử Tây</name><description>Song Tử Tây, Trường Sa | Tọa độ nguồn: 11025’, 114020’. Chưa xác minh datum và vị trí.</description><Point><coordinates>114.333333333,11.416666667,0</coordinates></Point></Placemark><Placemark><name>Sinh Tồn</name><description>Đảo Sinh Tồn, Trường Sa | Tọa độ nguồn: 9o50', 114020’. Chưa xác minh datum và vị trí.</description><Point><coordinates>114.333333333,9.833333333,0</coordinates></Point></Placemark><Placemark><name>Hòn Lớn</name><description>Vạn Thạnh, Hòn Lớn | Tọa độ nguồn: 12033’, 109022’. Chưa xác minh datum và vị trí.</description><Point><coordinates>109.366666667,12.550000000,0</coordinates></Point></Placemark><Placemark><name>Phú Quý</name><description>Ngũ Phụng, Phú Quý | Tọa độ nguồn: 10031’, 108056’. Chưa xác minh datum và vị trí.</description><Point><coordinates>108.933333333,10.516666667,0</coordinates></Point></Placemark><Placemark><name>Phan Thiết</name><description>Phan Thiết, Bình Thuận | Tọa độ nguồn: 10058', 108018'. Chưa xác minh datum và vị trí.</description><Point><coordinates>108.300000000,10.966666667,0</coordinates></Point></Placemark><Placemark><name>Vũng Tàu</name><description>Phường VII, TP Vũng Tàu | Tọa độ nguồn: 10022’, 107005’. Chưa xác minh datum và vị trí.</description><Point><coordinates>107.083333333,10.366666667,0</coordinates></Point></Placemark><Placemark><name>Côn Đảo</name><description>TT Côn Đảo, Côn Đảo | Tọa độ nguồn: 8041’, 106036’. Chưa xác minh datum và vị trí.</description><Point><coordinates>106.600000000,8.683333333,0</coordinates></Point></Placemark><Placemark><name>DK1-7</name><description>Huyền Trân | Tọa độ nguồn: 8001’, 110037’. Chưa xác minh datum và vị trí.</description><Point><coordinates>110.616666667,8.016666667,0</coordinates></Point></Placemark><Placemark><name>Phú Quốc</name><description>Dương Đông, Phú Quốc | Tọa độ nguồn: 10013’, 103058’. Chưa xác minh datum và vị trí.</description><Point><coordinates>103.966666667,10.216666667,0</coordinates></Point></Placemark><Placemark><name>Thổ Chu</name><description>Thổ Chu, Phú Quốc | Tọa độ nguồn: 9017’, 103008’. Chưa xác minh datum và vị trí.</description><Point><coordinates>103.133333333,9.283333333,0</coordinates></Point></Placemark><Placemark><name>Hà Tiên</name><description>Hà Tiên, Hà Tiên | Tọa độ nguồn: 10023’, 104029’. Chưa xác minh datum và vị trí.</description><Point><coordinates>104.483333333,10.383333333,0</coordinates></Point></Placemark><Placemark><name>DK1-10</name><description>Bãi Cạn Cà Mau | Tọa độ nguồn: 8000’, 104000’. Chưa xác minh datum và vị trí.</description><Point><coordinates>104.000000000,8.000000000,0</coordinates></Point></Placemark><Placemark><name>Định An</name><description>Đông  Hải, Duyên Hải | Tọa độ nguồn: 9034’, 106027’. Chưa xác minh datum và vị trí.</description><Point><coordinates>106.450000000,9.566666667,0</coordinates></Point></Placemark></Folder><Folder><name>Đo mưa</name><Placemark><name>Cao Phong</name><description>TT.Bưng, Kỳ Sơn | Tọa độ nguồn: 20042', 105019'. Chưa xác minh datum và vị trí.</description><Point><coordinates>105.316666667,20.700000000,0</coordinates></Point></Placemark><Placemark><name>Tu Lý</name><description>TT.Tu Lý, Đà Bắc | Tọa độ nguồn: 20051', 105016'. Chưa xác minh datum và vị trí.</description><Point><coordinates>105.266666667,20.850000000,0</coordinates></Point></Placemark><Placemark><name>Mường Chiềng</name><description>Mường Chiềng, Đà Bắc | Tọa độ nguồn: 21000', 104057'. Chưa xác minh datum và vị trí.</description><Point><coordinates>104.950000000,21.000000000,0</coordinates></Point></Placemark><Placemark><name>Yên Thuỷ</name><description>TT.Hàng Trạm, Yên Thủy | Tọa độ nguồn: 20023', 105037'. Chưa xác minh datum và vị trí.</description><Point><coordinates>105.616666667,20.383333333,0</coordinates></Point></Placemark><Placemark><name>Ba Hàng Đồi</name><description>Thanh Nông, Kim Bôi | Tọa độ nguồn: 20035', 105041'. Chưa xác minh datum và vị trí.</description><Point><coordinates>105.683333333,20.583333333,0</coordinates></Point></Placemark><Placemark><name>Bao La</name><description>X.Báo-Bao La, Mai Châu | Tọa độ nguồn: 20042', 104057'. Chưa xác minh datum và vị trí.</description><Point><coordinates>104.950000000,20.700000000,0</coordinates></Point></Placemark><Placemark><name>Tân Lạc</name><description>TT.Mường Khến, Tân Lạc | Tọa độ nguồn: 20035', 105017'. Chưa xác minh datum và vị trí.</description><Point><coordinates>105.283333333,20.583333333,0</coordinates></Point></Placemark><Placemark><name>Kim Tiến</name><description>Kim Tiến, Kim Bôi | Tọa độ nguồn: 20038', 105031'. Chưa xác minh datum và vị trí.</description><Point><coordinates>105.516666667,20.633333333,0</coordinates></Point></Placemark><Placemark><name>Mường Trai</name><description>Mường Trai, Mường La | Tọa độ nguồn: 21035', 103055'. Chưa xác minh datum và vị trí.</description><Point><coordinates>103.916666667,21.583333333,0</coordinates></Point></Placemark><Placemark><name>Km46</name><description>Lóng Luông, Mộc Châu | Tọa độ nguồn: 20044', 104051'. Chưa xác minh datum và vị trí.</description><Point><coordinates>104.850000000,20.733333333,0</coordinates></Point></Placemark><Placemark><name>Mường Sại</name><description>Mường Sại, Thuận Châu | Tọa độ nguồn: 21038', 103044'. Chưa xác minh datum và vị trí.</description><Point><coordinates>103.733333333,21.633333333,0</coordinates></Point></Placemark><Placemark><name>Tà Nàng</name><description>Tú Nang, Yên Châu | Tọa độ nguồn: 20054', 104027'. Chưa xác minh datum và vị trí.</description><Point><coordinates>104.450000000,20.900000000,0</coordinates></Point></Placemark><Placemark><name>Km22</name><description>Chiềng Yên, Mộc Châu | Tọa độ nguồn: 20045', 104053'. Chưa xác minh datum và vị trí.</description><Point><coordinates>104.883333333,20.750000000,0</coordinates></Point></Placemark><Placemark><name>Chiềng On</name><description>Chiềng On, Yên Châu | Tọa độ nguồn: 20058', 104013'. Chưa xác minh datum và vị trí.</description><Point><coordinates>104.216666667,20.966666667,0</coordinates></Point></Placemark><Placemark><name>Chiềng Mai</name><description>Chiềng Mai, Mai Sơn | Tọa độ nguồn: 21013', 104007'. Chưa xác minh datum và vị trí.</description><Point><coordinates>104.116666667,21.216666667,0</coordinates></Point></Placemark><Placemark><name>Sốp Cộp</name><description>Sốp Cộp, Sông Mã | Tọa độ nguồn: 20058', 103041'. Chưa xác minh datum và vị trí.</description><Point><coordinates>103.683333333,20.966666667,0</coordinates></Point></Placemark><Placemark><name>Mường Bang</name><description>Mường Bang, Phù Yên | Tọa độ nguồn: 21012', 104047'. Chưa xác minh datum và vị trí.</description><Point><coordinates>104.783333333,21.200000000,0</coordinates></Point></Placemark><Placemark><name>Thuận Châu</name><description>Thuận Châu, Sơn La | Tọa độ nguồn: 21032', 103042'. Chưa xác minh datum và vị trí.</description><Point><coordinates>103.700000000,21.533333333,0</coordinates></Point></Placemark><Placemark><name>Ngọc Chiến</name><description>Ngọc Chiến, Mường La | Tọa độ nguồn: 21037', 104015'. Chưa xác minh datum và vị trí.</description><Point><coordinates>104.250000000,21.616666667,0</coordinates></Point></Placemark><Placemark><name>Nậm Ty</name><description>Nậm Ty, Sông Mã | Tọa độ nguồn: 21015', 103040'. Chưa xác minh datum và vị trí.</description><Point><coordinates>103.666666667,21.250000000,0</coordinates></Point></Placemark><Placemark><name>Ma Ký</name><description>Mù Cả, Mường Tè | Tọa độ nguồn: 22031', 102038'. Chưa xác minh datum và vị trí.</description><Point><coordinates>102.633333333,22.516666667,0</coordinates></Point></Placemark><Placemark><name>Vàng Bó</name><description>Mường So, Phong Thổ | Tọa độ nguồn: 22020', 103037'. Chưa xác minh datum và vị trí.</description><Point><coordinates>103.616666667,22.333333333,0</coordinates></Point></Placemark><Placemark><name>Mường Ẳng</name><description>Mường Ẳng, Tuần Giáo | Tọa độ nguồn: 21031', 103014'. Chưa xác minh datum và vị trí.</description><Point><coordinates>103.233333333,21.516666667,0</coordinates></Point></Placemark><Placemark><name>Tà Tổng</name><description>Tà Tổng, Mường Tè | Tọa độ nguồn: 22023', 102040'. Chưa xác minh datum và vị trí.</description><Point><coordinates>102.666666667,22.383333333,0</coordinates></Point></Placemark><Placemark><name>Mường Mô</name><description>Mường Mô, Mường Tè | Tọa độ nguồn: 22012', 102055'. Chưa xác minh datum và vị trí.</description><Point><coordinates>102.916666667,22.200000000,0</coordinates></Point></Placemark><Placemark><name>Pắc Ma</name><description>Pắc Ma, Mường Tè | Tọa độ nguồn: 22037', 102032'. Chưa xác minh datum và vị trí.</description><Point><coordinates>102.533333333,22.616666667,0</coordinates></Point></Placemark><Placemark><name>Pa Tần</name><description>Pa Tần, Sìn Hồ | Tọa độ nguồn: 22027', 103011'. Chưa xác minh datum và vị trí.</description><Point><coordinates>103.183333333,22.450000000,0</coordinates></Point></Placemark><Placemark><name>Pa Nậm Cúm</name><description>MaLiPho, Phong Thổ | Tọa độ nguồn: 22037', 103014'. Chưa xác minh datum và vị trí.</description><Point><coordinates>103.233333333,22.616666667,0</coordinates></Point></Placemark><Placemark><name>Pa Ú</name><description>Mù Cả, Mường Tè | Tọa độ nguồn: 22040', 102038'. Chưa xác minh datum và vị trí.</description><Point><coordinates>102.633333333,22.666666667,0</coordinates></Point></Placemark><Placemark><name>NT.Than Uyên</name><description>NT.Than Uyên, Than Uyên | Tọa độ nguồn: 22010', 103046'. Chưa xác minh datum và vị trí.</description><Point><coordinates>103.766666667,22.166666667,0</coordinates></Point></Placemark><Placemark><name>Phìn Hồ</name><description>Phìn Hồ, Sìn Hồ | Tọa độ nguồn: 22028', 103017'. Chưa xác minh datum và vị trí.</description><Point><coordinates>103.283333333,22.466666667,0</coordinates></Point></Placemark><Placemark><name>Dào San</name><description>Dào San, Phong Thổ | Tọa độ nguồn: 22040', 103023'. Chưa xác minh datum và vị trí.</description><Point><coordinates>103.383333333,22.666666667,0</coordinates></Point></Placemark><Placemark><name>Tây Trang</name><description>Nà Ư, Điện Biên | Tọa độ nguồn: 21013', 102057'. Chưa xác minh datum và vị trí.</description><Point><coordinates>102.950000000,21.216666667,0</coordinates></Point></Placemark><Placemark><name>Mường Chà</name><description>Mường Chà  | Tọa độ nguồn: 21056', 102052'. Chưa xác minh datum và vị trí.</description><Point><coordinates>102.866666667,21.933333333,0</coordinates></Point></Placemark><Placemark><name>Si Pa Phìn</name><description>Si Pa Phìn, Mường Chà | Tọa độ nguồn: 21046', 102057'. Chưa xác minh datum và vị trí.</description><Point><coordinates>102.950000000,21.766666667,0</coordinates></Point></Placemark><Placemark><name>Huổi Lèng</name><description>Huổi Lèng, Mường Chà | Tọa độ nguồn: 21047', 103008'. Chưa xác minh datum và vị trí.</description><Point><coordinates>103.133333333,21.783333333,0</coordinates></Point></Placemark><Placemark><name>Quảng Lâm</name><description>Mường Tong, Mường Nhé | Tọa độ nguồn: 22003', 102035'. Chưa xác minh datum và vị trí.</description><Point><coordinates>102.583333333,22.050000000,0</coordinates></Point></Placemark><Placemark><name>Keo Lôm</name><description>Keo Lôm, Điện Biên Đông | Tọa độ nguồn: 21013', 103013'. Chưa xác minh datum và vị trí.</description><Point><coordinates>103.216666667,21.216666667,0</coordinates></Point></Placemark><Placemark><name>Chung Chải</name><description>Chung Chải, Mường Nhé | Tọa độ nguồn: 22017', 102022'. Chưa xác minh datum và vị trí.</description><Point><coordinates>102.366666667,22.283333333,0</coordinates></Point></Placemark><Placemark><name>Nậm Ngà</name><description>Nà Hy, Mường Chà | Tọa độ nguồn: 21050', 102044'. Chưa xác minh datum và vị trí.</description><Point><coordinates>102.733333333,21.833333333,0</coordinates></Point></Placemark><Placemark><name>Mường Pồn</name><description>Mường Pồn, Điện Biên | Tọa độ nguồn: 21033', 103000'. Chưa xác minh datum và vị trí.</description><Point><coordinates>103.000000000,21.550000000,0</coordinates></Point></Placemark><Placemark><name>Mường Phăng</name><description>Mường Phăng, Điện Biên | Tọa độ nguồn: 21028', 103008'. Chưa xác minh datum và vị trí.</description><Point><coordinates>103.133333333,21.466666667,0</coordinates></Point></Placemark><Placemark><name>Mường Nhà</name><description>Mường Nhà, Điện Biên | Tọa độ nguồn: 21004', 103005'. Chưa xác minh datum và vị trí.</description><Point><coordinates>103.083333333,21.066666667,0</coordinates></Point></Placemark><Placemark><name>Mường Lói</name><description>Mường Lói, Điện Biên | Tọa độ nguồn: 20058', 103012'. Chưa xác minh datum và vị trí.</description><Point><coordinates>103.200000000,20.966666667,0</coordinates></Point></Placemark><Placemark><name>Thuỷ Nguyên</name><description>Thuỷ Nguyên, Thủy Nguyên | Tọa độ nguồn: 20055', 106041'. Chưa xác minh datum và vị trí.</description><Point><coordinates>106.683333333,20.916666667,0</coordinates></Point></Placemark><Placemark><name>Vĩnh Bảo</name><description>Vĩnh Bảo, Vĩnh Bảo | Tọa độ nguồn: 20042', 106027'. Chưa xác minh datum và vị trí.</description><Point><coordinates>106.450000000,20.700000000,0</coordinates></Point></Placemark><Placemark><name>Yên Hưng</name><description>Yên Hưng, Yên Hưng | Tọa độ nguồn: 20057', 106048'. Chưa xác minh datum và vị trí.</description><Point><coordinates>106.800000000,20.950000000,0</coordinates></Point></Placemark><Placemark><name>Phong Cốc</name><description>Phong Cốc, Yên Hưng | Tọa độ nguồn: 20051', 106050'. Chưa xác minh datum và vị trí.</description><Point><coordinates>106.833333333,20.850000000,0</coordinates></Point></Placemark><Placemark><name>Yên Lập</name><description>Minh Thành, Yên Hưng | Tọa độ nguồn: 21000', 106053'. Chưa xác minh datum và vị trí.</description><Point><coordinates>106.883333333,21.000000000,0</coordinates></Point></Placemark><Placemark><name>Hoành Bồ</name><description>Chới, Hoành Bồ | Tọa độ nguồn: 21003', 107003'. Chưa xác minh datum và vị trí.</description><Point><coordinates>107.050000000,21.050000000,0</coordinates></Point></Placemark><Placemark><name>Vàng Danh</name><description>Vàng Danh, Uông Bí | Tọa độ nguồn: 21008', 106048'. Chưa xác minh datum và vị trí.</description><Point><coordinates>106.800000000,21.133333333,0</coordinates></Point></Placemark><Placemark><name>Đông Triều</name><description>Hồng Phong, Đông Triều | Tọa độ nguồn: 21005', 106031'. Chưa xác minh datum và vị trí.</description><Point><coordinates>106.516666667,21.083333333,0</coordinates></Point></Placemark><Placemark><name>Đầm Hà</name><description>Đầm Hà, Quảng Hà | Tọa độ nguồn: 21022', 107035'. Chưa xác minh datum và vị trí.</description><Point><coordinates>107.583333333,21.366666667,0</coordinates></Point></Placemark><Placemark><name>Ba Chẽ</name><description>Ba Chẽ, Ba Chẽ | Tọa độ nguồn: 21016', 107017'. Chưa xác minh datum và vị trí.</description><Point><coordinates>107.283333333,21.266666667,0</coordinates></Point></Placemark><Placemark><name>Quất Đông</name><description>Hải Đông, Hải Ninh | Tọa độ nguồn: 21032', 107055'. Chưa xác minh datum và vị trí.</description><Point><coordinates>107.916666667,21.533333333,0</coordinates></Point></Placemark><Placemark><name>Quảng Hoà</name><description>Quốc Phong, Quảng Hoà | Tọa độ nguồn: 22041', 106026'. Chưa xác minh datum và vị trí.</description><Point><coordinates>106.433333333,22.683333333,0</coordinates></Point></Placemark><Placemark><name>Hạ Lang</name><description>Hạ Lang, Hạ Lang | Tọa độ nguồn: 22041', 106040'. Chưa xác minh datum và vị trí.</description><Point><coordinates>106.666666667,22.683333333,0</coordinates></Point></Placemark><Placemark><name>Trà Lĩnh</name><description>Hùng Quốc, Trà Lĩnh | Tọa độ nguồn: 22049', 106019'. Chưa xác minh datum và vị trí.</description><Point><coordinates>106.316666667,22.816666667,0</coordinates></Point></Placemark><Placemark><name>Án Lại</name><description>Nguyễn Huệ, Hòa An | Tọa độ nguồn: 22043', 106019'. Chưa xác minh datum và vị trí.</description><Point><coordinates>106.316666667,22.716666667,0</coordinates></Point></Placemark><Placemark><name>Hưng Đạo</name><description>Hưng Đạo, Bảo Lạc | Tọa độ nguồn: 22050', 105045'. Chưa xác minh datum và vị trí.</description><Point><coordinates>105.750000000,22.833333333,0</coordinates></Point></Placemark><Placemark><name>Xuân Trường</name><description>Xuân Trường, Bảo Lạc | Tọa độ nguồn: 22056', 105050'. Chưa xác minh datum và vị trí.</description><Point><coordinates>105.833333333,22.933333333,0</coordinates></Point></Placemark><Placemark><name>Kéo Yên</name><description>Kéo Yên, Hà Quảng | Tọa độ nguồn: 22057', 106006'. Chưa xác minh datum và vị trí.</description><Point><coordinates>106.100000000,22.950000000,0</coordinates></Point></Placemark><Placemark><name>Nà Giàng</name><description>Phù Ngọc, Hà Quảng | Tọa độ nguồn: 22053', 106006'. Chưa xác minh datum và vị trí.</description><Point><coordinates>106.100000000,22.883333333,0</coordinates></Point></Placemark><Placemark><name>Tĩnh Túc</name><description>Nguyên Bình, Nguyên Bình | Tọa độ nguồn: 22040', 105051'. Chưa xác minh datum và vị trí.</description><Point><coordinates>105.850000000,22.666666667,0</coordinates></Point></Placemark><Placemark><name>Minh Thanh</name><description>Thổng Miện, Nguyên Bình | Tọa độ nguồn: 22040', 106002'. Chưa xác minh datum và vị trí.</description><Point><coordinates>106.033333333,22.666666667,0</coordinates></Point></Placemark><Placemark><name>Thông Nông</name><description>Đa Thông, Thông Nông | Tọa độ nguồn: 22047', 105059'. Chưa xác minh datum và vị trí.</description><Point><coordinates>105.983333333,22.783333333,0</coordinates></Point></Placemark><Placemark><name>Thạch An</name><description>Đông Khê, Thạch An | Tọa độ nguồn: 22027', 106025'. Chưa xác minh datum và vị trí.</description><Point><coordinates>106.416666667,22.450000000,0</coordinates></Point></Placemark><Placemark><name>Nặm Nàng</name><description>Kim Đồng, Thạch An | Tọa độ nguồn: 22032', 106017'. Chưa xác minh datum và vị trí.</description><Point><coordinates>106.283333333,22.533333333,0</coordinates></Point></Placemark><Placemark><name>Bảo Lâm</name><description>Mông Ân, Bảo Lâm | Tọa độ nguồn: 22050, 105030. Chưa xác minh datum và vị trí.</description><Point><coordinates>105.500000000,22.833333333,0</coordinates></Point></Placemark><Placemark><name>Hòa An</name><description>TT.Nước Hai, Hòa An | Tọa độ nguồn: 22046, 106009. Chưa xác minh datum và vị trí.</description><Point><coordinates>106.150000000,22.766666667,0</coordinates></Point></Placemark><Placemark><name>Cấm Sơn</name><description>Hoà Lạc, Hữu Lũng | Tọa độ nguồn: 21032', 106031'. Chưa xác minh datum và vị trí.</description><Point><coordinates>106.516666667,21.533333333,0</coordinates></Point></Placemark><Placemark><name>Bản Chắt</name><description>Bản Chắt, Đình Lập | Tọa độ nguồn: 21042, 107011. Chưa xác minh datum và vị trí.</description><Point><coordinates>107.183333333,21.700000000,0</coordinates></Point></Placemark><Placemark><name>Chi Lăng</name><description>Quang Lang, Chi Lăng | Tọa độ nguồn: 21037', 106031'. Chưa xác minh datum và vị trí.</description><Point><coordinates>106.516666667,21.616666667,0</coordinates></Point></Placemark><Placemark><name>Vạn Ninh</name><description>Bằng Mạc, Chi Lăng | Tọa độ nguồn: 21040', 106030'. Chưa xác minh datum và vị trí.</description><Point><coordinates>106.500000000,21.666666667,0</coordinates></Point></Placemark><Placemark><name>Minh Phát</name><description>Minh Phát, Lộc Bình | Tọa độ nguồn: 21042', 106048'. Chưa xác minh datum và vị trí.</description><Point><coordinates>106.800000000,21.700000000,0</coordinates></Point></Placemark><Placemark><name>Lợi Bác</name><description>Lợi Bác, Lộc Bình | Tọa độ nguồn: 21038', 106058'. Chưa xác minh datum và vị trí.</description><Point><coordinates>106.966666667,21.633333333,0</coordinates></Point></Placemark><Placemark><name>Lộc Bình</name><description>Lộc Bình, Lộc Bình | Tọa độ nguồn: 21046', 106055'. Chưa xác minh datum và vị trí.</description><Point><coordinates>106.916666667,21.766666667,0</coordinates></Point></Placemark><Placemark><name>Na Xầm</name><description>Hoàng Việt, Văn Lãng | Tọa độ nguồn: 22004', 106037'. Chưa xác minh datum và vị trí.</description><Point><coordinates>106.616666667,22.066666667,0</coordinates></Point></Placemark><Placemark><name>Điềm He</name><description>Văn An, Văn Quan | Tọa độ nguồn: 21055', 106036'. Chưa xác minh datum và vị trí.</description><Point><coordinates>106.600000000,21.916666667,0</coordinates></Point></Placemark><Placemark><name>Nhất Hoà</name><description>Nhất Hoà, Bắc Sơn | Tọa độ nguồn: 21045', 106017'. Chưa xác minh datum và vị trí.</description><Point><coordinates>106.283333333,21.750000000,0</coordinates></Point></Placemark><Placemark><name>Bình Gia</name><description>Bình Gia, Bình Gia | Tọa độ nguồn: 21057', 106021'. Chưa xác minh datum và vị trí.</description><Point><coordinates>106.350000000,21.950000000,0</coordinates></Point></Placemark><Placemark><name>Yên Thế</name><description>Yên Thế, Yên Thế | Tọa độ nguồn: 21028', 106007'. Chưa xác minh datum và vị trí.</description><Point><coordinates>106.116666667,21.466666667,0</coordinates></Point></Placemark><Placemark><name>BĐ. Bố Hạ</name><description>Lạng Giang, Lạng Giang | Tọa độ nguồn: 21026', 106014'. Chưa xác minh datum và vị trí.</description><Point><coordinates>106.233333333,21.433333333,0</coordinates></Point></Placemark><Placemark><name>NT. Bố Hạ</name><description>Yên Thế, Yên Thế | Tọa độ nguồn: 21028', 106012'. Chưa xác minh datum và vị trí.</description><Point><coordinates>106.200000000,21.466666667,0</coordinates></Point></Placemark><Placemark><name>Tân Yên</name><description>Cao Thương, Tân Yên | Tọa độ nguồn: 21023', 106007'. Chưa xác minh datum và vị trí.</description><Point><coordinates>106.116666667,21.383333333,0</coordinates></Point></Placemark><Placemark><name>Việt Yên</name><description>Bích Đông, Việt Yên | Tọa độ nguồn: 21016', 106006'. Chưa xác minh datum và vị trí.</description><Point><coordinates>106.100000000,21.266666667,0</coordinates></Point></Placemark><Placemark><name>Yên Dũng</name><description>Yên Dũng , Yên Dũng | Tọa độ nguồn: 21011', 106015'. Chưa xác minh datum và vị trí.</description><Point><coordinates>106.250000000,21.183333333,0</coordinates></Point></Placemark><Placemark><name>Lạng Giang</name><description>Lạng Giang, Lạng Giang | Tọa độ nguồn: 21021', 106015'. Chưa xác minh datum và vị trí.</description><Point><coordinates>106.250000000,21.350000000,0</coordinates></Point></Placemark><Placemark><name>Tân Sơn</name><description>Tân Sơn, Lục Ngạn | Tọa độ nguồn: 21032', 106037'. Chưa xác minh datum và vị trí.</description><Point><coordinates>106.616666667,21.533333333,0</coordinates></Point></Placemark><Placemark><name>Bảo Sơn</name><description>Bảo Sơn , Lục Nam | Tọa độ nguồn: 21021', 106019'. Chưa xác minh datum và vị trí.</description><Point><coordinates>106.316666667,21.350000000,0</coordinates></Point></Placemark><Placemark><name>Mai Sưu</name><description>Trường Sơn, Lục Nam | Tọa độ nguồn: 21015', 106033'. Chưa xác minh datum và vị trí.</description><Point><coordinates>106.550000000,21.250000000,0</coordinates></Point></Placemark><Placemark><name>Khuôn Thần</name><description>Kiên Lao , Lục Ngạn | Tọa độ nguồn: 21026', 106031'. Chưa xác minh datum và vị trí.</description><Point><coordinates>106.516666667,21.433333333,0</coordinates></Point></Placemark><Placemark><name>Yên Phong</name><description>Yên Phong, Yên Phong | Tọa độ nguồn: 21011', 105057'. Chưa xác minh datum và vị trí.</description><Point><coordinates>105.950000000,21.183333333,0</coordinates></Point></Placemark><Placemark><name>Quế Võ</name><description>Phương Mao, Quế Võ | Tọa độ nguồn: 21009', 106009'. Chưa xác minh datum và vị trí.</description><Point><coordinates>106.150000000,21.150000000,0</coordinates></Point></Placemark><Placemark><name>Gia Lương</name><description>Gia Lương , Gia Lương | Tọa độ nguồn: 21001', 106012'. Chưa xác minh datum và vị trí.</description><Point><coordinates>106.200000000,21.016666667,0</coordinates></Point></Placemark><Placemark><name>Gia Bình</name><description>Gia Bình, Gia Bình | Tọa độ nguồn: 21003, 106011. Chưa xác minh datum và vị trí.</description><Point><coordinates>106.183333333,21.050000000,0</coordinates></Point></Placemark><Placemark><name>Từ Sơn</name><description>Từ Sơn, Từ Sơn | Tọa độ nguồn: 21007, 105057. Chưa xác minh datum và vị trí.</description><Point><coordinates>105.950000000,21.116666667,0</coordinates></Point></Placemark><Placemark><name>Tiên Du</name><description>Lim, Tiên Du | Tọa độ nguồn: 21009, 106002. Chưa xác minh datum và vị trí.</description><Point><coordinates>106.033333333,21.150000000,0</coordinates></Point></Placemark><Placemark><name>Vũ Oai</name><description>Vũ Oai, Hoành Bồ | Tọa độ nguồn: 21002, 107011. Chưa xác minh datum và vị trí.</description><Point><coordinates>107.183333333,21.033333333,0</coordinates></Point></Placemark><Placemark><name>Bản Sen</name><description>Bản Sen, Vân Đồn | Tọa độ nguồn: 20059, 107031. Chưa xác minh datum và vị trí.</description><Point><coordinates>107.516666667,20.983333333,0</coordinates></Point></Placemark><Placemark><name>Hoành Mô</name><description>Hoành Mô, Bình Liêu | Tọa độ nguồn: 21032, 107030. Chưa xác minh datum và vị trí.</description><Point><coordinates>107.500000000,21.533333333,0</coordinates></Point></Placemark><Placemark><name>Tín Coóng</name><description>Hải Sơn, Móng Cái | Tọa độ nguồn: 21034, 107048. Chưa xác minh datum và vị trí.</description><Point><coordinates>107.800000000,21.566666667,0</coordinates></Point></Placemark><Placemark><name>Cẩm Phả</name><description>Cẩm Phả, Cẩm Phả | Tọa độ nguồn: 21002, 107018. Chưa xác minh datum và vị trí.</description><Point><coordinates>107.300000000,21.033333333,0</coordinates></Point></Placemark><Placemark><name>Minh Cầm</name><description>Minh Cầm, Ba Chẽ | Tọa độ nguồn: 21017, 107017. Chưa xác minh datum và vị trí.</description><Point><coordinates>107.283333333,21.283333333,0</coordinates></Point></Placemark><Placemark><name>Tràng Lương</name><description>Tràng Lương, Đông Triều | Tọa độ nguồn: 21007, 106040. Chưa xác minh datum và vị trí.</description><Point><coordinates>106.666666667,21.116666667,0</coordinates></Point></Placemark><Placemark><name>Cái Lân</name><description>Cái Lân, Hạ Long | Tọa độ nguồn: 20059, 107003. Chưa xác minh datum và vị trí.</description><Point><coordinates>107.050000000,20.983333333,0</coordinates></Point></Placemark><Placemark><name>Tuần Châu</name><description>Tuần Châu, Hạ Long | Tọa độ nguồn: 20056, 106059. Chưa xác minh datum và vị trí.</description><Point><coordinates>106.983333333,20.933333333,0</coordinates></Point></Placemark><Placemark><name>Phố Lu</name><description>Phố Lu, Bảo Thắng | Tọa độ nguồn: 22018', 104011'. Chưa xác minh datum và vị trí.</description><Point><coordinates>104.183333333,22.300000000,0</coordinates></Point></Placemark><Placemark><name>Bảo Nhai</name><description>Bảo Nhai, Bắc Hà | Tọa độ nguồn: 22025', 104014'. Chưa xác minh datum và vị trí.</description><Point><coordinates>104.233333333,22.416666667,0</coordinates></Point></Placemark><Placemark><name>Nậm Cang</name><description>Nậm Cang, Sa Pa | Tọa độ nguồn: 22011', 104002'. Chưa xác minh datum và vị trí.</description><Point><coordinates>104.033333333,22.183333333,0</coordinates></Point></Placemark><Placemark><name>Si Ma Cai</name><description>Si Ma Cai, Si Ma Cai | Tọa độ nguồn: 22042', 104018'. Chưa xác minh datum và vị trí.</description><Point><coordinates>104.300000000,22.700000000,0</coordinates></Point></Placemark><Placemark><name>Văn Bàn</name><description>Sơn Thuỷ, Văn Bàn | Tọa độ nguồn: 22008', 104018'. Chưa xác minh datum và vị trí.</description><Point><coordinates>104.300000000,22.133333333,0</coordinates></Point></Placemark><Placemark><name>Thẩm Dương</name><description>Thẩm Dương, Văn Bàn | Tọa độ nguồn: 22000', 104007'. Chưa xác minh datum và vị trí.</description><Point><coordinates>104.116666667,22.000000000,0</coordinates></Point></Placemark><Placemark><name>Trịnh Tường</name><description>Trịnh Tường, Bát Sát | Tọa độ nguồn: 22040', 103043'. Chưa xác minh datum và vị trí.</description><Point><coordinates>103.716666667,22.666666667,0</coordinates></Point></Placemark><Placemark><name>Bát Xát</name><description>Bát Xát, Bát Xát | Tọa độ nguồn: 22031', 103054'. Chưa xác minh datum và vị trí.</description><Point><coordinates>103.900000000,22.516666667,0</coordinates></Point></Placemark><Placemark><name>Bản Lầu</name><description>Bản Lầu, Mường Khương | Tọa độ nguồn: 22034', 104004'. Chưa xác minh datum và vị trí.</description><Point><coordinates>104.066666667,22.566666667,0</coordinates></Point></Placemark><Placemark><name>Hàm Rồng</name><description>Việt Tiến, Bảo Yên | Tọa độ nguồn: 22014', 104036'. Chưa xác minh datum và vị trí.</description><Point><coordinates>104.600000000,22.233333333,0</coordinates></Point></Placemark><Placemark><name>Cốc Ly *</name><description>Cốc Ly, Bắc Hà | Tọa độ nguồn: 22030', 104012'. Chưa xác minh datum và vị trí.</description><Point><coordinates>104.200000000,22.500000000,0</coordinates></Point></Placemark><Placemark><name>Mường Hum</name><description>Mường Hum, Bát Xát | Tọa độ nguồn: 22030', 103041'. Chưa xác minh datum và vị trí.</description><Point><coordinates>103.683333333,22.500000000,0</coordinates></Point></Placemark><Placemark><name>Ý Tý</name><description>ý Tý, Bát Xát | Tọa độ nguồn: 22038', 103038'. Chưa xác minh datum và vị trí.</description><Point><coordinates>103.633333333,22.633333333,0</coordinates></Point></Placemark><Placemark><name>Làng Bông</name><description>Bảo Hà, Bảo Yên | Tọa độ nguồn: 22013', 104020'. Chưa xác minh datum và vị trí.</description><Point><coordinates>104.333333333,22.216666667,0</coordinates></Point></Placemark><Placemark><name>Khau Phạ</name><description>Púng Luông, Mù Cang Chải | Tọa độ nguồn: 21045', 104012'. Chưa xác minh datum và vị trí.</description><Point><coordinates>104.200000000,21.750000000,0</coordinates></Point></Placemark><Placemark><name>Tú Lệ</name><description>Tú Lệ, Văn Chấn | Tọa độ nguồn: 21047', 104019'. Chưa xác minh datum và vị trí.</description><Point><coordinates>104.316666667,21.783333333,0</coordinates></Point></Placemark><Placemark><name>Làng Cang</name><description>Phong Dụ, Văn Yên | Tọa độ nguồn: 21052', 104027'. Chưa xác minh datum và vị trí.</description><Point><coordinates>104.450000000,21.866666667,0</coordinates></Point></Placemark><Placemark><name>Khánh Hoà</name><description>Khánh Hoà, Lục Yên | Tọa độ nguồn: 22006', 104037'. Chưa xác minh datum và vị trí.</description><Point><coordinates>104.616666667,22.100000000,0</coordinates></Point></Placemark><Placemark><name>Vĩnh Lạc</name><description>Vĩnh Lạc, Lục Yên | Tọa độ nguồn: 22007', 104052'. Chưa xác minh datum và vị trí.</description><Point><coordinates>104.866666667,22.116666667,0</coordinates></Point></Placemark><Placemark><name>Lũng Hà</name><description>Phúc Lợi, Lục Yên | Tọa độ nguồn: 22000', 104042'. Chưa xác minh datum và vị trí.</description><Point><coordinates>104.700000000,22.000000000,0</coordinates></Point></Placemark><Placemark><name>Bảo Ái</name><description>Bảo Ái, Yên Bình | Tọa độ nguồn: 21052', 104051'. Chưa xác minh datum và vị trí.</description><Point><coordinates>104.850000000,21.866666667,0</coordinates></Point></Placemark><Placemark><name>Cảm Nhân</name><description>Cẩm Nhân, Yên Bình | Tọa độ nguồn: 21057', 104058'. Chưa xác minh datum và vị trí.</description><Point><coordinates>104.966666667,21.950000000,0</coordinates></Point></Placemark><Placemark><name>Kiên Lao</name><description>Kiên Thành, Trấn Yên | Tọa độ nguồn: 21041', 104043'. Chưa xác minh datum và vị trí.</description><Point><coordinates>104.716666667,21.683333333,0</coordinates></Point></Placemark><Placemark><name>Ba Khe</name><description>Cát Thịnh, Văn Chấn | Tọa độ nguồn: 21026', 104038'. Chưa xác minh datum và vị trí.</description><Point><coordinates>104.633333333,21.433333333,0</coordinates></Point></Placemark><Placemark><name>Huổi Sản</name><description>Gia Hội , Văn Chấn | Tọa độ nguồn: 21043', 104025'. Chưa xác minh datum và vị trí.</description><Point><coordinates>104.416666667,21.716666667,0</coordinates></Point></Placemark><Placemark><name>Trạm Tấu</name><description>Trạm Tấu, Trạm Tấu | Tọa độ nguồn: 21027', 104022'. Chưa xác minh datum và vị trí.</description><Point><coordinates>104.366666667,21.450000000,0</coordinates></Point></Placemark><Placemark><name>Yên Lương</name><description>Yên Lương, Thanh Sơn | Tọa độ nguồn: 20058', 105013'. Chưa xác minh datum và vị trí.</description><Point><coordinates>105.216666667,20.966666667,0</coordinates></Point></Placemark><Placemark><name>Thanh Thuỷ</name><description>La Phù, Thanh THủy | Tọa độ nguồn: 21010', 105017'. Chưa xác minh datum và vị trí.</description><Point><coordinates>105.283333333,21.166666667,0</coordinates></Point></Placemark><Placemark><name>Thanh Ba</name><description>Đồng Xuân, Thanh Ba | Tọa độ nguồn: 21031', 105007'. Chưa xác minh datum và vị trí.</description><Point><coordinates>105.116666667,21.516666667,0</coordinates></Point></Placemark><Placemark><name>Hạ Hoà</name><description>Ấm Hạ, Hạ Hòa | Tọa độ nguồn: 21034', 105001'. Chưa xác minh datum và vị trí.</description><Point><coordinates>105.016666667,21.566666667,0</coordinates></Point></Placemark><Placemark><name>Cẩm Khê</name><description>Sông Thao, Sông Thao | Tọa độ nguồn: 21023', 105008'. Chưa xác minh datum và vị trí.</description><Point><coordinates>105.133333333,21.383333333,0</coordinates></Point></Placemark><Placemark><name>Mỹ Lương</name><description>Mỹ Lương, Yên Lập | Tọa độ nguồn: 21028', 104058'. Chưa xác minh datum và vị trí.</description><Point><coordinates>104.966666667,21.466666667,0</coordinates></Point></Placemark><Placemark><name>Lâm Thao</name><description>Sơn Vy, Lâm Thao | Tọa độ nguồn: 21019', 105017'. Chưa xác minh datum và vị trí.</description><Point><coordinates>105.283333333,21.316666667,0</coordinates></Point></Placemark><Placemark><name>Đông Cửu</name><description>Đông Cửu, Thanh Sơn | Tọa độ nguồn: 21002', 105004'. Chưa xác minh datum và vị trí.</description><Point><coordinates>105.066666667,21.033333333,0</coordinates></Point></Placemark><Placemark><name>Yên Lập</name><description>Yên Lập , Yên Lập | Tọa độ nguồn: 21021', 105003'. Chưa xác minh datum và vị trí.</description><Point><coordinates>105.050000000,21.350000000,0</coordinates></Point></Placemark><Placemark><name>Đoan Hùng</name><description>Thọ Sơn, Đoan Hùng | Tọa độ nguồn: 21037', 105011'. Chưa xác minh datum và vị trí.</description><Point><coordinates>105.183333333,21.616666667,0</coordinates></Point></Placemark><Placemark><name>Cường Thịnh</name><description>Thạch Kiệt , Thanh Sơn | Tọa độ nguồn: 21016', 104058'. Chưa xác minh datum và vị trí.</description><Point><coordinates>104.966666667,21.266666667,0</coordinates></Point></Placemark><Placemark><name>Phúc Yên</name><description>Phúc Yên, Mê Linh | Tọa độ nguồn: 21014', 105042'. Chưa xác minh datum và vị trí.</description><Point><coordinates>105.700000000,21.233333333,0</coordinates></Point></Placemark><Placemark><name>Xuân Hoà</name><description>Xuân Hoà, Mê Linh | Tọa độ nguồn: 21017', 105043'. Chưa xác minh datum và vị trí.</description><Point><coordinates>105.716666667,21.283333333,0</coordinates></Point></Placemark><Placemark><name>Tam Dương</name><description>Hướng Đạo, Tam Dương | Tọa độ nguồn: 21023', 105033'. Chưa xác minh datum và vị trí.</description><Point><coordinates>105.550000000,21.383333333,0</coordinates></Point></Placemark><Placemark><name>Vĩnh Tường</name><description>Thổ Tang, Vĩnh Tường | Tọa độ nguồn: 21014', 105031'. Chưa xác minh datum và vị trí.</description><Point><coordinates>105.516666667,21.233333333,0</coordinates></Point></Placemark><Placemark><name>Lập Thạch</name><description>TT. Lập Thạch | Tọa độ nguồn: 21036', 105028'. Chưa xác minh datum và vị trí.</description><Point><coordinates>105.466666667,21.600000000,0</coordinates></Point></Placemark><Placemark><name>Minh Quang</name><description>Minh Quang, Bình Xuyên | Tọa độ nguồn: 21023', 105040'. Chưa xác minh datum và vị trí.</description><Point><coordinates>105.666666667,21.383333333,0</coordinates></Point></Placemark><Placemark><name>Nậm Ty</name><description>Thông Nguyên, Hoàng Su Phì | Tọa độ nguồn: 22036', 104044'. Chưa xác minh datum và vị trí.</description><Point><coordinates>104.733333333,22.600000000,0</coordinates></Point></Placemark><Placemark><name>Linh Hồ</name><description>Linh Hồ, Vị Xuyên | Tọa độ nguồn: 22043', 105005'. Chưa xác minh datum và vị trí.</description><Point><coordinates>105.083333333,22.716666667,0</coordinates></Point></Placemark><Placemark><name>Việt Lâm</name><description>Việt Lâm, Vị Xuyên | Tọa độ nguồn: 22036', 104056'. Chưa xác minh datum và vị trí.</description><Point><coordinates>104.933333333,22.600000000,0</coordinates></Point></Placemark><Placemark><name>Xuân Giang</name><description>Xuân Giang, Bắc Quang | Tọa độ nguồn: 22018', 104038'. Chưa xác minh datum và vị trí.</description><Point><coordinates>104.633333333,22.300000000,0</coordinates></Point></Placemark><Placemark><name>Ngô Khê</name><description>Việt Vinh, Bắc Quang | Tọa độ nguồn: 22027', 104053'. Chưa xác minh datum và vị trí.</description><Point><coordinates>104.883333333,22.450000000,0</coordinates></Point></Placemark><Placemark><name>Mèo Vạc</name><description>Mèo Vạc, Mèo Vạc | Tọa độ nguồn: 23010', 105025'. Chưa xác minh datum và vị trí.</description><Point><coordinates>105.416666667,23.166666667,0</coordinates></Point></Placemark><Placemark><name>Đồng Văn</name><description>Đồng Văn, Đồng Văn | Tọa độ nguồn: 23015', 105016'. Chưa xác minh datum và vị trí.</description><Point><coordinates>105.266666667,23.250000000,0</coordinates></Point></Placemark><Placemark><name>Sín Mần</name><description>Sín Mần, Sín Mần | Tọa độ nguồn: 22046', 104032'. Chưa xác minh datum và vị trí.</description><Point><coordinates>104.533333333,22.766666667,0</coordinates></Point></Placemark><Placemark><name>Nấm Dẩn</name><description>Nấm Dẩn, Xín Mần | Tọa độ nguồn: 22037', 104036'. Chưa xác minh datum và vị trí.</description><Point><coordinates>104.600000000,22.616666667,0</coordinates></Point></Placemark><Placemark><name>Quản Bạ</name><description>Quản Bạ, Quản Bạ | Tọa độ nguồn: 23002', 105001'. Chưa xác minh datum và vị trí.</description><Point><coordinates>105.016666667,23.033333333,0</coordinates></Point></Placemark><Placemark><name>Du Già</name><description>Du Già, Yên Minh | Tọa độ nguồn: 22056', 105012'. Chưa xác minh datum và vị trí.</description><Point><coordinates>105.200000000,22.933333333,0</coordinates></Point></Placemark><Placemark><name>Yên Minh</name><description>Yên Minh, Yên Minh | Tọa độ nguồn: 23008', 105009'. Chưa xác minh datum và vị trí.</description><Point><coordinates>105.150000000,23.133333333,0</coordinates></Point></Placemark><Placemark><name>Vĩ Thượng</name><description>Vĩ Thượng , Bắc Quang | Tọa độ nguồn: 22014', 104045'. Chưa xác minh datum và vị trí.</description><Point><coordinates>104.750000000,22.233333333,0</coordinates></Point></Placemark><Placemark><name>Yên Bình</name><description>Yên Bình, Bắc Quang | Tọa độ nguồn: 22026', 104035'. Chưa xác minh datum và vị trí.</description><Point><coordinates>104.583333333,22.433333333,0</coordinates></Point></Placemark><Placemark><name>Thanh Thuỷ</name><description>Thanh Thuỷ, Vị Xuyên | Tọa độ nguồn: 22054', 104055'. Chưa xác minh datum và vị trí.</description><Point><coordinates>104.916666667,22.900000000,0</coordinates></Point></Placemark><Placemark><name>Sơn Nam</name><description>Sơn Nam, Sơn Dương | Tọa độ nguồn: 21032', 105031'. Chưa xác minh datum và vị trí.</description><Point><coordinates>105.516666667,21.533333333,0</coordinates></Point></Placemark><Placemark><name>Kỳ Lâm</name><description>Kỳ Lâm, Sơn Dương | Tọa độ nguồn: 21042', 105024'. Chưa xác minh datum và vị trí.</description><Point><coordinates>105.400000000,21.700000000,0</coordinates></Point></Placemark><Placemark><name>Đào Viện</name><description>Đào Viện, Yên Sơn | Tọa độ nguồn: 21054', 105022'. Chưa xác minh datum và vị trí.</description><Point><coordinates>105.366666667,21.900000000,0</coordinates></Point></Placemark><Placemark><name>Kim Quan</name><description>Kim Quan, Yên Sơn | Tọa độ nguồn: 21052', 105027'. Chưa xác minh datum và vị trí.</description><Point><coordinates>105.450000000,21.866666667,0</coordinates></Point></Placemark><Placemark><name>Quý Quân</name><description>Quý Quân, Yên Sơn | Tọa độ nguồn: 22000', 105015'. Chưa xác minh datum và vị trí.</description><Point><coordinates>105.250000000,22.000000000,0</coordinates></Point></Placemark><Placemark><name>Côn Lôn</name><description>Côn Lôn, Na Hang | Tọa độ nguồn: 22032', 105027'. Chưa xác minh datum và vị trí.</description><Point><coordinates>105.450000000,22.533333333,0</coordinates></Point></Placemark><Placemark><name>Làng Can</name><description>Làng Can, Na Hang | Tọa độ nguồn: 22029', 105014'. Chưa xác minh datum và vị trí.</description><Point><coordinates>105.233333333,22.483333333,0</coordinates></Point></Placemark><Placemark><name>Minh Dân</name><description>Minh Dân, Hàm Yên | Tọa độ nguồn: 22010', 104058'. Chưa xác minh datum và vị trí.</description><Point><coordinates>104.966666667,22.166666667,0</coordinates></Point></Placemark><Placemark><name>Hà Lang</name><description>Hà Lang, Chiêm Hóa | Tọa độ nguồn: 22012', 105008'. Chưa xác minh datum và vị trí.</description><Point><coordinates>105.133333333,22.200000000,0</coordinates></Point></Placemark><Placemark><name>Minh Quang</name><description>Minh Quang, Chiêm Hóa | Tọa độ nguồn: 22023', 105009'. Chưa xác minh datum và vị trí.</description><Point><coordinates>105.150000000,22.383333333,0</coordinates></Point></Placemark><Placemark><name>Bộc Bố</name><description>Bộc Bố, Ba Bể | Tọa độ nguồn: 22037', 105040'. Chưa xác minh datum và vị trí.</description><Point><coordinates>105.666666667,22.616666667,0</coordinates></Point></Placemark><Placemark><name>Cao Sơn</name><description>Cao Sơn, Bạch Thông | Tọa độ nguồn: 22011', 106000'. Chưa xác minh datum và vị trí.</description><Point><coordinates>106.000000000,22.183333333,0</coordinates></Point></Placemark><Placemark><name>Hoàng Trĩ</name><description>Hoàng Trĩ, Ba Bể | Tọa độ nguồn: 22020', 105040'. Chưa xác minh datum và vị trí.</description><Point><coordinates>105.666666667,22.333333333,0</coordinates></Point></Placemark><Placemark><name>Đồng Xá</name><description>Đồng Xá, Na Rì | Tọa độ nguồn: 22002', 106003'. Chưa xác minh datum và vị trí.</description><Point><coordinates>106.050000000,22.033333333,0</coordinates></Point></Placemark><Placemark><name>Yên Lạc</name><description>Yên Lạc, Na Rì | Tọa độ nguồn: 22015', 106013'. Chưa xác minh datum và vị trí.</description><Point><coordinates>106.216666667,22.250000000,0</coordinates></Point></Placemark><Placemark><name>Phương Viên</name><description>Phương Viên, Chợ Đồn | Tọa độ nguồn: 22013', 105038'. Chưa xác minh datum và vị trí.</description><Point><coordinates>105.633333333,22.216666667,0</coordinates></Point></Placemark><Placemark><name>Phủ Thông</name><description>Phương Đông, Bạch Thông | Tọa độ nguồn: 22016', 105053'. Chưa xác minh datum và vị trí.</description><Point><coordinates>105.883333333,22.266666667,0</coordinates></Point></Placemark><Placemark><name>Đình Cả</name><description>Đình Cả, Võ Nhai | Tọa độ nguồn: 21045', 106006'. Chưa xác minh datum và vị trí.</description><Point><coordinates>106.100000000,21.750000000,0</coordinates></Point></Placemark><Placemark><name>Phú Cường</name><description>Phú Cường, Đại Từ | Tọa độ nguồn: 21042', 105035'. Chưa xác minh datum và vị trí.</description><Point><coordinates>105.583333333,21.700000000,0</coordinates></Point></Placemark><Placemark><name>Ký Phú</name><description>Ký Phú, Đại Từ | Tọa độ nguồn: 21033', 105038'. Chưa xác minh datum và vị trí.</description><Point><coordinates>105.633333333,21.550000000,0</coordinates></Point></Placemark><Placemark><name>Cây Thị</name><description>Cây Thị, Đồng Hỉ | Tọa độ nguồn: 21038', 106000'. Chưa xác minh datum và vị trí.</description><Point><coordinates>106.000000000,21.633333333,0</coordinates></Point></Placemark><Placemark><name>Minh Lập</name><description>Minh Lập, Đồng Hỉ | Tọa độ nguồn: 21042', 105050'. Chưa xác minh datum và vị trí.</description><Point><coordinates>105.833333333,21.700000000,0</coordinates></Point></Placemark><Placemark><name>Văn Lăng</name><description>Văn Lăng, Đồng Hỉ | Tọa độ nguồn: 21048', 105051'. Chưa xác minh datum và vị trí.</description><Point><coordinates>105.850000000,21.800000000,0</coordinates></Point></Placemark><Placemark><name>Phúc Trìu</name><description>Phúc Trìu, Thái Nguyên | Tọa độ nguồn: 21034', 105044'. Chưa xác minh datum và vị trí.</description><Point><coordinates>105.733333333,21.566666667,0</coordinates></Point></Placemark><Placemark><name>Phố Đu</name><description>Đu, Phú Lương | Tọa độ nguồn: 21043', 105042'. Chưa xác minh datum và vị trí.</description><Point><coordinates>105.700000000,21.716666667,0</coordinates></Point></Placemark><Placemark><name>Phấn Mễ</name><description>TT.Giang Tiên, Phú Lương | Tọa độ nguồn: 21041', 105041'. Chưa xác minh datum và vị trí.</description><Point><coordinates>105.683333333,21.683333333,0</coordinates></Point></Placemark><Placemark><name>La Hiên</name><description>La Hiên, Võ Nhai | Tọa độ nguồn: 21042', 105056'. Chưa xác minh datum và vị trí.</description><Point><coordinates>105.933333333,21.700000000,0</coordinates></Point></Placemark><Placemark><name>Phú Bình</name><description>Úc Sơn, Phú Bình | Tọa độ nguồn: 21028', 105058'. Chưa xác minh datum và vị trí.</description><Point><coordinates>105.966666667,21.466666667,0</coordinates></Point></Placemark><Placemark><name>Phổ Yên</name><description>Ba Hàng, Phổ Yên | Tọa độ nguồn: 21026', 105053'. Chưa xác minh datum và vị trí.</description><Point><coordinates>105.883333333,21.433333333,0</coordinates></Point></Placemark><Placemark><name>Điềm Mạc</name><description>Điềm Mạc, Định Hóa | Tọa độ nguồn: 21050', 105032'. Chưa xác minh datum và vị trí.</description><Point><coordinates>105.533333333,21.833333333,0</coordinates></Point></Placemark><Placemark><name>Vũ Chấn</name><description>Vũ Chấn, Võ Nhai | Tọa độ nguồn: 21050', 106004'. Chưa xác minh datum và vị trí.</description><Point><coordinates>106.066666667,21.833333333,0</coordinates></Point></Placemark><Placemark><name>Đại Từ</name><description>Đại Từ, Đại Từ | Tọa độ nguồn: 21038', 105038'. Chưa xác minh datum và vị trí.</description><Point><coordinates>105.633333333,21.633333333,0</coordinates></Point></Placemark><Placemark><name>Di Trạch</name><description>Di Trạch, Hà Tây | Tọa độ nguồn: 21002', 105047'. Chưa xác minh datum và vị trí.</description><Point><coordinates>105.783333333,21.033333333,0</coordinates></Point></Placemark><Placemark><name>Phúc Thọ</name><description>Võng Xuyên, Phúc Thọ | Tọa độ nguồn: 21009', 105031'. Chưa xác minh datum và vị trí.</description><Point><coordinates>105.516666667,21.150000000,0</coordinates></Point></Placemark><Placemark><name>Vân Đình</name><description>Thanh Ấm, Thanh ấm | Tọa độ nguồn: 20044', 105046'. Chưa xác minh datum và vị trí.</description><Point><coordinates>105.766666667,20.733333333,0</coordinates></Point></Placemark><Placemark><name>Chợ Cháy</name><description>Trung Tú, Ứng Hòa | Tọa độ nguồn: 20042', 105050'. Chưa xác minh datum và vị trí.</description><Point><coordinates>105.833333333,20.700000000,0</coordinates></Point></Placemark><Placemark><name>Hương Sơn</name><description>Đục Khê, Mỹ Đức | Tọa độ nguồn: 20037', 105047'. Chưa xác minh datum và vị trí.</description><Point><coordinates>105.783333333,20.616666667,0</coordinates></Point></Placemark><Placemark><name>Cầu Rậm</name><description>Hợp Tiến, Mỹ Đức | Tọa độ nguồn: 20041', 105040'. Chưa xác minh datum và vị trí.</description><Point><coordinates>105.666666667,20.683333333,0</coordinates></Point></Placemark><Placemark><name>Miếu Môn</name><description>Trần Phú, Chương Mỹ | Tọa độ nguồn: 20050', 105038'. Chưa xác minh datum và vị trí.</description><Point><coordinates>105.633333333,20.833333333,0</coordinates></Point></Placemark><Placemark><name>Xuân Mai</name><description>Nhuận Trạch, Chương Mỹ | Tọa độ nguồn: 20055', 105035'. Chưa xác minh datum và vị trí.</description><Point><coordinates>105.583333333,20.916666667,0</coordinates></Point></Placemark><Placemark><name>Chúc Sơn</name><description>Ngọc Sơn, Chương Mỹ | Tọa độ nguồn: 20055', 105041'. Chưa xác minh datum và vị trí.</description><Point><coordinates>105.683333333,20.916666667,0</coordinates></Point></Placemark><Placemark><name>Thanh Oai</name><description>Kim An, Thanh Oai | Tọa độ nguồn: 20054', 105046'. Chưa xác minh datum và vị trí.</description><Point><coordinates>105.766666667,20.900000000,0</coordinates></Point></Placemark><Placemark><name>Quốc Oai</name><description>Hoàng Ngô, Quốc Oai | Tọa độ nguồn: 20059', 105038'. Chưa xác minh datum và vị trí.</description><Point><coordinates>105.633333333,20.983333333,0</coordinates></Point></Placemark><Placemark><name>Phú Xuyên</name><description>Liên Hoà, Phú Xuyên | Tọa độ nguồn: 20045', 105054'. Chưa xác minh datum và vị trí.</description><Point><coordinates>105.900000000,20.750000000,0</coordinates></Point></Placemark><Placemark><name>Thường Tín</name><description>Văn Bình, Thường Tín | Tọa độ nguồn: 20054', 105053'. Chưa xác minh datum và vị trí.</description><Point><coordinates>105.883333333,20.900000000,0</coordinates></Point></Placemark><Placemark><name>Đập Đáy</name><description>Đồng Tháp, Đan Phượng | Tọa độ nguồn: 21005', 105039'. Chưa xác minh datum và vị trí.</description><Point><coordinates>105.650000000,21.083333333,0</coordinates></Point></Placemark><Placemark><name>Bất Bạt</name><description>Sơn Đà, Ba Vì | Tọa độ nguồn: 21011', 105019'. Chưa xác minh datum và vị trí.</description><Point><coordinates>105.316666667,21.183333333,0</coordinates></Point></Placemark><Placemark><name>Thạch Thất</name><description>Liên Quan, Thạch Thất | Tọa độ nguồn: 21003', 105035'. Chưa xác minh datum và vị trí.</description><Point><coordinates>105.583333333,21.050000000,0</coordinates></Point></Placemark><Placemark><name>Quảng Oai</name><description>Quảng Oai, Ba Vì | Tọa độ nguồn: 21012', 105025'. Chưa xác minh datum và vị trí.</description><Point><coordinates>105.416666667,21.200000000,0</coordinates></Point></Placemark><Placemark><name>Suối Hai</name><description>Cẩm Lĩnh, Ba Vì | Tọa độ nguồn: 21010', 105023'. Chưa xác minh datum và vị trí.</description><Point><coordinates>105.383333333,21.166666667,0</coordinates></Point></Placemark><Placemark><name>Phú Cường</name><description>Phú Cường, Ba Vì | Tọa độ nguồn: 21017', 105024'. Chưa xác minh datum và vị trí.</description><Point><coordinates>105.400000000,21.283333333,0</coordinates></Point></Placemark><Placemark><name>An Khánh</name><description>Hoài Đức | Tọa độ nguồn: 21000', 105043'. Chưa xác minh datum và vị trí.</description><Point><coordinates>105.716666667,21.000000000,0</coordinates></Point></Placemark><Placemark><name>Tứ Hiệp</name><description>Văn Điển, Thanh Trì | Tọa độ nguồn: 20055', 105052'. Chưa xác minh datum và vị trí.</description><Point><coordinates>105.866666667,20.916666667,0</coordinates></Point></Placemark><Placemark><name>Kim Anh</name><description>Thanh Xuân, Sóc Sơn | Tọa độ nguồn: 21013', 105045'. Chưa xác minh datum và vị trí.</description><Point><coordinates>105.750000000,21.216666667,0</coordinates></Point></Placemark><Placemark><name>Sóc Sơn</name><description>Tiên Dược , Sóc Sơn | Tọa độ nguồn: 21016', 105051'. Chưa xác minh datum và vị trí.</description><Point><coordinates>105.850000000,21.266666667,0</coordinates></Point></Placemark><Placemark><name>Đông Anh</name><description>Uy Nỗ, Đông Anh | Tọa độ nguồn: 21008', 105052'. Chưa xác minh datum và vị trí.</description><Point><coordinates>105.866666667,21.133333333,0</coordinates></Point></Placemark><Placemark><name>Liên Mạc</name><description>Xuân Phương, Từ Liêm | Tọa độ nguồn: 21005', 105045'. Chưa xác minh datum và vị trí.</description><Point><coordinates>105.750000000,21.083333333,0</coordinates></Point></Placemark><Placemark><name>Trâu Quỳ</name><description>Trâu Quỳ, Gia Lâm | Tọa độ nguồn: 21001', 105045'. Chưa xác minh datum và vị trí.</description><Point><coordinates>105.750000000,21.016666667,0</coordinates></Point></Placemark><Placemark><name>Bến Tắm</name><description>Bắc An, Chí Linh | Tọa độ nguồn: 21010', 106027'. Chưa xác minh datum và vị trí.</description><Point><coordinates>106.450000000,21.166666667,0</coordinates></Point></Placemark><Placemark><name>Tứ Kỳ</name><description>Tân Kỳ, Tứ Lộc | Tọa độ nguồn: 20048', 106024'. Chưa xác minh datum và vị trí.</description><Point><coordinates>106.400000000,20.800000000,0</coordinates></Point></Placemark><Placemark><name>Ninh Giang</name><description>Ninh Giang, Ninh Giang | Tọa độ nguồn: 20044', 106024'. Chưa xác minh datum và vị trí.</description><Point><coordinates>106.400000000,20.733333333,0</coordinates></Point></Placemark><Placemark><name>Cẩm Phúc</name><description>Cẩm Phúc, Cẩm Giàng | Tọa độ nguồn: 20055', 106012'. Chưa xác minh datum và vị trí.</description><Point><coordinates>106.200000000,20.916666667,0</coordinates></Point></Placemark><Placemark><name>Cổ Ngựa</name><description>Văn Giang, Ninh Giang | Tọa độ nguồn: 20042', 106016'. Chưa xác minh datum và vị trí.</description><Point><coordinates>106.266666667,20.700000000,0</coordinates></Point></Placemark><Placemark><name>Thanh Tùng</name><description>Thanh Tùng, Thanh Miện | Tọa độ nguồn: 20050', 106013'. Chưa xác minh datum và vị trí.</description><Point><coordinates>106.216666667,20.833333333,0</coordinates></Point></Placemark><Placemark><name>Cẩm Bình</name><description>Lai Cách, Cẩm Giàng | Tọa độ nguồn: 20055', 106018'. Chưa xác minh datum và vị trí.</description><Point><coordinates>106.300000000,20.916666667,0</coordinates></Point></Placemark><Placemark><name>Văn Giang</name><description>Văn Phúc, Văn Giang | Tọa độ nguồn: 20057', 105056'. Chưa xác minh datum và vị trí.</description><Point><coordinates>105.933333333,20.950000000,0</coordinates></Point></Placemark><Placemark><name>Khoái Châu</name><description>Khoái Châu, Khoái Châu | Tọa độ nguồn: 20050', 105059'. Chưa xác minh datum và vị trí.</description><Point><coordinates>105.983333333,20.833333333,0</coordinates></Point></Placemark><Placemark><name>Triều Dương</name><description>Hải Triều, Tiên Lữ | Tọa độ nguồn: 20039', 106008'. Chưa xác minh datum và vị trí.</description><Point><coordinates>106.133333333,20.650000000,0</coordinates></Point></Placemark><Placemark><name>Ân Thi</name><description>Thổ Hoàng, Ân Thi | Tọa độ nguồn: 20048', 106005'. Chưa xác minh datum và vị trí.</description><Point><coordinates>106.083333333,20.800000000,0</coordinates></Point></Placemark><Placemark><name>Nghĩa Hiệp</name><description>Nghĩa Hiệp, Yên Mỹ | Tọa độ nguồn: 20056', 106004'. Chưa xác minh datum và vị trí.</description><Point><coordinates>106.066666667,20.933333333,0</coordinates></Point></Placemark><Placemark><name>Tiền Hải</name><description>Tây Sơn, Tiền Hải | Tọa độ nguồn: 20025', 106029'. Chưa xác minh datum và vị trí.</description><Point><coordinates>106.483333333,20.416666667,0</coordinates></Point></Placemark><Placemark><name>Cống Lân</name><description>Nam Cường, Tiền Hải | Tọa độ nguồn: 20023', 106032'. Chưa xác minh datum và vị trí.</description><Point><coordinates>106.533333333,20.383333333,0</coordinates></Point></Placemark><Placemark><name>Đa Cốc</name><description>Bình Thanh, Kiến Xương | Tọa độ nguồn: 20020', 106025'. Chưa xác minh datum và vị trí.</description><Point><coordinates>106.416666667,20.333333333,0</coordinates></Point></Placemark><Placemark><name>Hưng Hà</name><description>An Đông, Hưng Hà | Tọa độ nguồn: 20035', 106013'. Chưa xác minh datum và vị trí.</description><Point><coordinates>106.216666667,20.583333333,0</coordinates></Point></Placemark><Placemark><name>Quỳnh Phụ</name><description>Quỳnh Lương, Quỳnh Phụ | Tọa độ nguồn: 20039', 106019'. Chưa xác minh datum và vị trí.</description><Point><coordinates>106.316666667,20.650000000,0</coordinates></Point></Placemark><Placemark><name>Diêm Điền</name><description>Diêm Điền, Thái Thụy | Tọa độ nguồn: 20034', 106033'. Chưa xác minh datum và vị trí.</description><Point><coordinates>106.550000000,20.566666667,0</coordinates></Point></Placemark><Placemark><name>Trà Linh</name><description>Thuỵ Liên, Thái Thụy | Tọa độ nguồn: 20033', 106030'. Chưa xác minh datum và vị trí.</description><Point><coordinates>106.500000000,20.550000000,0</coordinates></Point></Placemark><Placemark><name>Thuyền Quan</name><description>Đông Lĩnh, Đông Hưng | Tọa độ nguồn: 20030', 106025'. Chưa xác minh datum và vị trí.</description><Point><coordinates>106.416666667,20.500000000,0</coordinates></Point></Placemark><Placemark><name>Phụ Dực</name><description>An Bài, Quỳnh Phụ | Tọa độ nguồn: 20039', 106024'. Chưa xác minh datum và vị trí.</description><Point><coordinates>106.400000000,20.650000000,0</coordinates></Point></Placemark><Placemark><name>Tiên Hưng</name><description>Thăng Long, Đông Hưng | Tọa độ nguồn: 20033', 106016'. Chưa xác minh datum và vị trí.</description><Point><coordinates>106.266666667,20.550000000,0</coordinates></Point></Placemark><Placemark><name>Đông Hưng</name><description>Đông Hợp, Đông Hưng | Tọa độ nguồn: 20034', 106020'. Chưa xác minh datum và vị trí.</description><Point><coordinates>106.333333333,20.566666667,0</coordinates></Point></Placemark><Placemark><name>Kiến Xương</name><description>Tán Thuật, Kiến Xương | Tọa độ nguồn: 20025', 106025'. Chưa xác minh datum và vị trí.</description><Point><coordinates>106.416666667,20.416666667,0</coordinates></Point></Placemark><Placemark><name>Thái Ninh</name><description>Thái Hưng, Thái Thụy | Tọa độ nguồn: 20030', 106029'. Chưa xác minh datum và vị trí.</description><Point><coordinates>106.483333333,20.500000000,0</coordinates></Point></Placemark><Placemark><name>Ba Sao</name><description>Ba Sao, Kim Bảng | Tọa độ nguồn: 20032', 105048'. Chưa xác minh datum và vị trí.</description><Point><coordinates>105.800000000,20.533333333,0</coordinates></Point></Placemark><Placemark><name>Duy Tiên</name><description>Hoà Mạc, Duy Tiên | Tọa độ nguồn: 20038', 105059'. Chưa xác minh datum và vị trí.</description><Point><coordinates>105.983333333,20.633333333,0</coordinates></Point></Placemark><Placemark><name>Ngọc Lũ</name><description>Ngọc Lũ, Bình Lục | Tọa độ nguồn: 20032', 106006'. Chưa xác minh datum và vị trí.</description><Point><coordinates>106.100000000,20.533333333,0</coordinates></Point></Placemark><Placemark><name>Xuân Thuỷ</name><description>Xuân Thủy, Xuân Trường | Tọa độ nguồn: 20017', 106025'. Chưa xác minh datum và vị trí.</description><Point><coordinates>106.416666667,20.283333333,0</coordinates></Point></Placemark><Placemark><name>Vụ Bản</name><description>Cộng Hoà, Vụ Bản | Tọa độ nguồn: 20023', 106004'. Chưa xác minh datum và vị trí.</description><Point><coordinates>106.066666667,20.383333333,0</coordinates></Point></Placemark><Placemark><name>Liễu Đề</name><description>Liễu Đề, Nghĩa Hưng | Tọa độ nguồn: 20014', 106012'. Chưa xác minh datum và vị trí.</description><Point><coordinates>106.200000000,20.233333333,0</coordinates></Point></Placemark><Placemark><name>Đông Bình</name><description>Ngô Đồng, Giao Thủy | Tọa độ nguồn: 20017', 106025'. Chưa xác minh datum và vị trí.</description><Point><coordinates>106.416666667,20.283333333,0</coordinates></Point></Placemark><Placemark><name>Đồng Giao</name><description>Bắc Sơn, Tam Điệp | Tọa độ nguồn: 20012', 105056'. Chưa xác minh datum và vị trí.</description><Point><coordinates>105.933333333,20.200000000,0</coordinates></Point></Placemark><Placemark><name>Bàn Nước</name><description>Kỳ Văn, Kỳ Anh | Tọa độ nguồn: 18009', 106008'. Chưa xác minh datum và vị trí.</description><Point><coordinates>106.133333333,18.150000000,0</coordinates></Point></Placemark><Placemark><name>Kỳ Thượng</name><description>Kỳ Thượng , Kỳ Anh | Tọa độ nguồn: 18006', 106005'. Chưa xác minh datum và vị trí.</description><Point><coordinates>106.083333333,18.100000000,0</coordinates></Point></Placemark><Placemark><name>Kỳ Lạc</name><description>Kỳ Lạc, Kỳ Anh | Tọa độ nguồn: 17057', 106012'. Chưa xác minh datum và vị trí.</description><Point><coordinates>106.200000000,17.950000000,0</coordinates></Point></Placemark><Placemark><name>Cẩm Xuyên</name><description>Cẩm Xuyên, Cẩm Xuyên | Tọa độ nguồn: 18014', 106001'. Chưa xác minh datum và vị trí.</description><Point><coordinates>106.016666667,18.233333333,0</coordinates></Point></Placemark><Placemark><name>Đò Điểm</name><description>Thạch Sơn, Thạch Hà | Tọa độ nguồn: 18025', 105052'. Chưa xác minh datum và vị trí.</description><Point><coordinates>105.866666667,18.416666667,0</coordinates></Point></Placemark><Placemark><name>Đại Lộc</name><description>Can Lộc, Can Lộc | Tọa độ nguồn: 18027', 105047'. Chưa xác minh datum và vị trí.</description><Point><coordinates>105.783333333,18.450000000,0</coordinates></Point></Placemark><Placemark><name>Sơn Hồng</name><description>Sơn Hồng , Hương Sơn | Tọa độ nguồn: 18036', 105014'. Chưa xác minh datum và vị trí.</description><Point><coordinates>105.233333333,18.600000000,0</coordinates></Point></Placemark><Placemark><name>Vũ Quang</name><description>Vũ Quang, Vũ Quang | Tọa độ nguồn: 18020', 105025'. Chưa xác minh datum và vị trí.</description><Point><coordinates>105.416666667,18.333333333,0</coordinates></Point></Placemark><Placemark><name>Hòa Hải</name><description>Hòa Hải, Hòa Hải | Tọa độ nguồn: 18015', 105033'. Chưa xác minh datum và vị trí.</description><Point><coordinates>105.550000000,18.250000000,0</coordinates></Point></Placemark><Placemark><name>Hương Lâm</name><description>Hương Lâm, Hương Lâm | Tọa độ nguồn: 18005', 105040'. Chưa xác minh datum và vị trí.</description><Point><coordinates>105.666666667,18.083333333,0</coordinates></Point></Placemark><Placemark><name>Thạch Điền</name><description>Thạch Điền, Thạch Điền | Tọa độ nguồn: 18014', 105053'. Chưa xác minh datum và vị trí.</description><Point><coordinates>105.883333333,18.233333333,0</coordinates></Point></Placemark><Placemark><name>La Khê</name><description>La Khê, Hương Khê | Tọa độ nguồn: 18004', 105049'. Chưa xác minh datum và vị trí.</description><Point><coordinates>105.816666667,18.066666667,0</coordinates></Point></Placemark><Placemark><name>Sơn Kim</name><description>Sơn Kim, Hương Sơn | Tọa độ nguồn: 18028', 105012'. Chưa xác minh datum và vị trí.</description><Point><coordinates>105.200000000,18.466666667,0</coordinates></Point></Placemark><Placemark><name>Cầu Treo</name><description>Sơn Kim, Hương Sơn | Tọa độ nguồn: 18024', 105011'. Chưa xác minh datum và vị trí.</description><Point><coordinates>105.183333333,18.400000000,0</coordinates></Point></Placemark><Placemark><name>Kẻ Gỗ</name><description>Cẩm Mỹ, Cẩm Xuyên | Tọa độ nguồn: 18010', 105056'. Chưa xác minh datum và vị trí.</description><Point><coordinates>105.933333333,18.166666667,0</coordinates></Point></Placemark><Placemark><name>Quán Hành</name><description>Nghi Lộc, Nghi Lộc | Tọa độ nguồn: 18047', 105038'. Chưa xác minh datum và vị trí.</description><Point><coordinates>105.633333333,18.783333333,0</coordinates></Point></Placemark><Placemark><name>Tăng Thành</name><description>Yên Thành, Diễn Châu | Tọa độ nguồn: 19004', 105038'. Chưa xác minh datum và vị trí.</description><Point><coordinates>105.633333333,19.066666667,0</coordinates></Point></Placemark><Placemark><name>Đò Đao</name><description>Diễn Châu, Diễn Châu | Tọa độ nguồn: 18052', 105035'. Chưa xác minh datum và vị trí.</description><Point><coordinates>105.583333333,18.866666667,0</coordinates></Point></Placemark><Placemark><name>Hoàng Mai</name><description>Mai Hùng, Quỳnh Lưu | Tọa độ nguồn: 19017', 105041'. Chưa xác minh datum và vị trí.</description><Point><coordinates>105.683333333,19.283333333,0</coordinates></Point></Placemark><Placemark><name>Đông Hiếu</name><description>Đông Hiếu, Nghĩa Đàn | Tọa độ nguồn: 19018', 105030'. Chưa xác minh datum và vị trí.</description><Point><coordinates>105.500000000,19.300000000,0</coordinates></Point></Placemark><Placemark><name>2006-05-01 00:00:00</name><description>Nghĩa Bình, Nghĩa Đàn | Tọa độ nguồn: 19023', 105030'. Chưa xác minh datum và vị trí.</description><Point><coordinates>105.500000000,19.383333333,0</coordinates></Point></Placemark><Placemark><name>2006-02-03 00:00:00</name><description>Minh Hợp, Quỳ Hợp | Tọa độ nguồn: 19022', 105017'. Chưa xác minh datum và vị trí.</description><Point><coordinates>105.283333333,19.366666667,0</coordinates></Point></Placemark><Placemark><name>Sơn Nam</name><description>Sơn Nam, Quỳ Hợp | Tọa độ nguồn: 19013', 105002'. Chưa xác minh datum và vị trí.</description><Point><coordinates>105.033333333,19.216666667,0</coordinates></Point></Placemark><Placemark><name>Tiền Phong</name><description>Tiền Phong, Quế Phong | Tọa độ nguồn: 19045', 105000'. Chưa xác minh datum và vị trí.</description><Point><coordinates>105.000000000,19.750000000,0</coordinates></Point></Placemark><Placemark><name>Khe Lá</name><description>Nghĩa Dũng , Tân Kỳ | Tọa độ nguồn: 19005', 105020'. Chưa xác minh datum và vị trí.</description><Point><coordinates>105.333333333,19.083333333,0</coordinates></Point></Placemark><Placemark><name>Yên Tĩnh</name><description>Yên Tĩnh, Tương Dương | Tọa độ nguồn: 19024', 104043'. Chưa xác minh datum và vị trí.</description><Point><coordinates>104.716666667,19.400000000,0</coordinates></Point></Placemark><Placemark><name>Luân Mai</name><description>Luân Mai, Tương Dương | Tọa độ nguồn: 19033', 104028'. Chưa xác minh datum và vị trí.</description><Point><coordinates>104.466666667,19.550000000,0</coordinates></Point></Placemark><Placemark><name>Khê Bố</name><description>Tam Quang, Tương Dương | Tọa độ nguồn: 19010', 104040'. Chưa xác minh datum và vị trí.</description><Point><coordinates>104.666666667,19.166666667,0</coordinates></Point></Placemark><Placemark><name>Thác Muối</name><description>Hạnh Lâm, Thanh Chương | Tọa độ nguồn: 18051', 105011'. Chưa xác minh datum và vị trí.</description><Point><coordinates>105.183333333,18.850000000,0</coordinates></Point></Placemark><Placemark><name>Thanh Mai</name><description>Thanh Mai, Thanh Chương | Tọa độ nguồn: 18038', 105022'. Chưa xác minh datum và vị trí.</description><Point><coordinates>105.366666667,18.633333333,0</coordinates></Point></Placemark><Placemark><name>Yên Na</name><description>Yên Na, Tương Dương | Tọa độ nguồn: 19020', 104033'. Chưa xác minh datum và vị trí.</description><Point><coordinates>104.550000000,19.333333333,0</coordinates></Point></Placemark><Placemark><name>Mường Lống</name><description>Mường Lống, Kỳ Sơn | Tọa độ nguồn: 19029', 104023'. Chưa xác minh datum và vị trí.</description><Point><coordinates>104.383333333,19.483333333,0</coordinates></Point></Placemark><Placemark><name>Châu Phong</name><description>Châu Phong, Qùy Châu | Tọa độ nguồn: 19030', 105000'. Chưa xác minh datum và vị trí.</description><Point><coordinates>105.000000000,19.500000000,0</coordinates></Point></Placemark><Placemark><name>Hòn Mắt</name><description>Hòn Mắt, Nghi Lộc | Tọa độ nguồn: 18049', 105054'. Chưa xác minh datum và vị trí.</description><Point><coordinates>105.900000000,18.816666667,0</coordinates></Point></Placemark><Placemark><name>Tân Kỳ</name><description>Tân Kỳ, Tân Kỳ | Tọa độ nguồn: 19004', 105016'. Chưa xác minh datum và vị trí.</description><Point><coordinates>105.266666667,19.066666667,0</coordinates></Point></Placemark><Placemark><name>Khe Nà</name><description>Khe Nà, Con Cuông | Tọa độ nguồn: 19004', 104045'. Chưa xác minh datum và vị trí.</description><Point><coordinates>104.750000000,19.066666667,0</coordinates></Point></Placemark><Placemark><name>Hà Trung</name><description>Bắc Sơn, Hà Trung | Tọa độ nguồn: 20005', 105052'. Chưa xác minh datum và vị trí.</description><Point><coordinates>105.866666667,20.083333333,0</coordinates></Point></Placemark><Placemark><name>Phúc Do *</name><description>Cẩm Tân, Cẩm Thủy | Tọa độ nguồn: 20010', 105031'. Chưa xác minh datum và vị trí.</description><Point><coordinates>105.516666667,20.166666667,0</coordinates></Point></Placemark><Placemark><name>Triệu Sơn</name><description>Triệu Sơn, Triệu Sơn | Tọa độ nguồn: 19049', 105036'. Chưa xác minh datum và vị trí.</description><Point><coordinates>105.600000000,19.816666667,0</coordinates></Point></Placemark><Placemark><name>Lạch Trường</name><description>Hoà Lộc, Hậu Lộc | Tọa độ nguồn: 19053', 105055'. Chưa xác minh datum và vị trí.</description><Point><coordinates>105.916666667,19.883333333,0</coordinates></Point></Placemark><Placemark><name>Yên Mỹ</name><description>Mỹ Chung, Nông Cống | Tọa độ nguồn: 19038', 105038'. Chưa xác minh datum và vị trí.</description><Point><coordinates>105.633333333,19.633333333,0</coordinates></Point></Placemark><Placemark><name>Sao Vàng</name><description>Thọ Xuân, Thọ Xuân | Tọa độ nguồn: 19052', 105025'. Chưa xác minh datum và vị trí.</description><Point><coordinates>105.416666667,19.866666667,0</coordinates></Point></Placemark><Placemark><name>Thống Nhất</name><description>Yên Tâm, Yên Định | Tọa độ nguồn: 20005', 105029'. Chưa xác minh datum và vị trí.</description><Point><coordinates>105.483333333,20.083333333,0</coordinates></Point></Placemark><Placemark><name>Bát Mọt</name><description>Bát Mọt, Thường Xuân | Tọa độ nguồn: 20001', 105003'. Chưa xác minh datum và vị trí.</description><Point><coordinates>105.050000000,20.016666667,0</coordinates></Point></Placemark><Placemark><name>Thanh Tân</name><description>Thanh Tân, Như Thanh | Tọa độ nguồn: 19027', 105036'. Chưa xác minh datum và vị trí.</description><Point><coordinates>105.600000000,19.450000000,0</coordinates></Point></Placemark><Placemark><name>Xuân Quỳ</name><description>Xuân Quỳ, Như Xuân | Tọa độ nguồn: 19036', 105023'. Chưa xác minh datum và vị trí.</description><Point><coordinates>105.383333333,19.600000000,0</coordinates></Point></Placemark><Placemark><name>Na Mèo</name><description>Quan Sơn, Quan Sơn | Tọa độ nguồn: 20018', 104039'. Chưa xác minh datum và vị trí.</description><Point><coordinates>104.650000000,20.300000000,0</coordinates></Point></Placemark><Placemark><name>Bá Thước</name><description>Thiết Ống, Bá Thước | Tọa độ nguồn: 20017', 105011'. Chưa xác minh datum và vị trí.</description><Point><coordinates>105.183333333,20.283333333,0</coordinates></Point></Placemark><Placemark><name>Ngọc Lặc</name><description>Lê Lợi, Ngọc Lặc | Tọa độ nguồn: 20002', 105024'. Chưa xác minh datum và vị trí.</description><Point><coordinates>105.400000000,20.033333333,0</coordinates></Point></Placemark><Placemark><name>Km35</name><description>Sông Lò, Quan Sơn | Tọa độ nguồn: 20019', 105003'. Chưa xác minh datum và vị trí.</description><Point><coordinates>105.050000000,20.316666667,0</coordinates></Point></Placemark><Placemark><name>Hiền Kiệt</name><description>Hiền Kiệt, Quan Hóa | Tọa độ nguồn: 20025', 104044'. Chưa xác minh datum và vị trí.</description><Point><coordinates>104.733333333,20.416666667,0</coordinates></Point></Placemark><Placemark><name>Sông Luồng</name><description>Quan Hoá, Quan Hóa | Tọa độ nguồn: 20024', 105007'. Chưa xác minh datum và vị trí.</description><Point><coordinates>105.116666667,20.400000000,0</coordinates></Point></Placemark><Placemark><name>Trung Thành</name><description>Trung Thành , Quan Hóa | Tọa độ nguồn: 20013', 104055'. Chưa xác minh datum và vị trí.</description><Point><coordinates>104.916666667,20.216666667,0</coordinates></Point></Placemark><Placemark><name>Phú Lệ</name><description>Phú Lệ, Quan Hóa | Tọa độ nguồn: 20022', 105005'. Chưa xác minh datum và vị trí.</description><Point><coordinates>105.083333333,20.366666667,0</coordinates></Point></Placemark><Placemark><name>Hải Yến</name><description>Hải Yến , Tĩnh Gia | Tọa độ nguồn: 19021', 105046'. Chưa xác minh datum và vị trí.</description><Point><coordinates>105.766666667,19.350000000,0</coordinates></Point></Placemark><Placemark><name>Kim Tân</name><description>Kim Tân, Thạch Thành | Tọa độ nguồn: 20008', 105040'. Chưa xác minh datum và vị trí.</description><Point><coordinates>105.666666667,20.133333333,0</coordinates></Point></Placemark><Placemark><name>Yên Cát</name><description>Tân Bình, Như Xuân | Tọa độ nguồn: 19040', 105032'. Chưa xác minh datum và vị trí.</description><Point><coordinates>105.533333333,19.666666667,0</coordinates></Point></Placemark><Placemark><name>Minh Hoá</name><description>TT.Quy Đạt, Minh Hóa | Tọa độ nguồn: 17047', 106001'. Chưa xác minh datum và vị trí.</description><Point><coordinates>106.016666667,17.783333333,0</coordinates></Point></Placemark><Placemark><name>Troóc</name><description>Phúc Trạch, Bố Trạch | Tọa độ nguồn: 17035', 106017'. Chưa xác minh datum và vị trí.</description><Point><coordinates>106.283333333,17.583333333,0</coordinates></Point></Placemark><Placemark><name>Việt Trung</name><description>TT.Việt Trung, Bố Trạch | Tọa độ nguồn: 17029', 106031'. Chưa xác minh datum và vị trí.</description><Point><coordinates>106.516666667,17.483333333,0</coordinates></Point></Placemark><Placemark><name>Trường Sơn</name><description>Trường Sơn, Quảng Ninh | Tọa độ nguồn: 17014', 106027'. Chưa xác minh datum và vị trí.</description><Point><coordinates>106.450000000,17.233333333,0</coordinates></Point></Placemark><Placemark><name>Cẩm Ly</name><description>Ngân Thuỷ, Lệ Thủy | Tọa độ nguồn: 17012', 106039'. Chưa xác minh datum và vị trí.</description><Point><coordinates>106.650000000,17.200000000,0</coordinates></Point></Placemark><Placemark><name>Hóa Thanh</name><description>Hóa Thanh, Minh Hóa | Tọa độ nguồn: 17052', 105050'. Chưa xác minh datum và vị trí.</description><Point><coordinates>105.833333333,17.866666667,0</coordinates></Point></Placemark><Placemark><name>Thượng Hóa</name><description>Thượng Hóa, Minh Hóa | Tọa độ nguồn: 17040', 106000'. Chưa xác minh datum và vị trí.</description><Point><coordinates>106.000000000,17.666666667,0</coordinates></Point></Placemark><Placemark><name>Tân Trạch</name><description>Tân Trạch, Bố Trạch | Tọa độ nguồn: 17023', 106013'. Chưa xác minh datum và vị trí.</description><Point><coordinates>106.216666667,17.383333333,0</coordinates></Point></Placemark><Placemark><name>Bình Điền</name><description>Bình Điền, Hương Trà | Tọa độ nguồn: 16021', 107030'. Chưa xác minh datum và vị trí.</description><Point><coordinates>107.500000000,16.350000000,0</coordinates></Point></Placemark><Placemark><name>Tà Lương</name><description>Hồng Hạ, A Lưới | Tọa độ nguồn: 16018', 107020'. Chưa xác minh datum và vị trí.</description><Point><coordinates>107.333333333,16.300000000,0</coordinates></Point></Placemark><Placemark><name>Bạch Mã</name><description>Lộc Trì, Phú Lộc | Tọa độ nguồn: 16013', 107052'. Chưa xác minh datum và vị trí.</description><Point><coordinates>107.866666667,16.216666667,0</coordinates></Point></Placemark><Placemark><name>Hương Nguyên</name><description>Hương Nguyên, A Lưới | Tọa độ nguồn: 16010', 107029'. Chưa xác minh datum và vị trí.</description><Point><coordinates>107.483333333,16.166666667,0</coordinates></Point></Placemark><Placemark><name>Hồng Trung</name><description>Hồng Trung, A Lưới | Tọa độ nguồn: 16020', 107010'. Chưa xác minh datum và vị trí.</description><Point><coordinates>107.166666667,16.333333333,0</coordinates></Point></Placemark><Placemark><name>Phong Mỹ</name><description>Phong Mỹ, Phong Điền | Tọa độ nguồn: 16030', 107015'. Chưa xác minh datum và vị trí.</description><Point><coordinates>107.250000000,16.500000000,0</coordinates></Point></Placemark><Placemark><name>Dương Hoá</name><description>Dương Hòa, Hương Thủy | Tọa độ nguồn: 16016', 107039'. Chưa xác minh datum và vị trí.</description><Point><coordinates>107.650000000,16.266666667,0</coordinates></Point></Placemark><Placemark><name>Trao</name><description>TT.PRao, Hiên | Tọa độ nguồn: 15055', 107039'. Chưa xác minh datum và vị trí.</description><Point><coordinates>107.650000000,15.916666667,0</coordinates></Point></Placemark><Placemark><name>Khâm Đức</name><description>TT.Khâm Đức, Phước Sơn | Tọa độ nguồn: 15026', 107047'. Chưa xác minh datum và vị trí.</description><Point><coordinates>107.783333333,15.433333333,0</coordinates></Point></Placemark><Placemark><name>Tiên Phước</name><description>TT.Tiên Kỳ, Tiên Phước | Tọa độ nguồn: 15029', 108018'. Chưa xác minh datum và vị trí.</description><Point><coordinates>108.300000000,15.483333333,0</coordinates></Point></Placemark><Placemark><name>Quế Sơn</name><description>TT.Đông Phú, Quế Sơn | Tọa độ nguồn: 15042', 108013'. Chưa xác minh datum và vị trí.</description><Point><coordinates>108.216666667,15.700000000,0</coordinates></Point></Placemark><Placemark><name>Xuân Bình</name><description>Tam Trà, Núi Thành | Tọa độ nguồn: 15024', 108030'. Chưa xác minh datum và vị trí.</description><Point><coordinates>108.500000000,15.400000000,0</coordinates></Point></Placemark><Placemark><name>Núi Thành</name><description>TT.Núi Thành, Núi Thành | Tọa độ nguồn: 15026', 108041'. Chưa xác minh datum và vị trí.</description><Point><coordinates>108.683333333,15.433333333,0</coordinates></Point></Placemark><Placemark><name>Thăng Bình</name><description>Hà Lam, Thăng Bình | Tọa độ nguồn: 15045', 106022'. Chưa xác minh datum và vị trí.</description><Point><coordinates>106.366666667,15.750000000,0</coordinates></Point></Placemark><Placemark><name>Tr'Hy</name><description>Tr'Hy, Hiên | Tọa độ nguồn: 15047', 107023'. Chưa xác minh datum và vị trí.</description><Point><coordinates>107.383333333,15.783333333,0</coordinates></Point></Placemark><Placemark><name>Ladêê</name><description>Ladêê, Nam Giang | Tọa độ nguồn: 15033', 107030'. Chưa xác minh datum và vị trí.</description><Point><coordinates>107.500000000,15.550000000,0</coordinates></Point></Placemark><Placemark><name>Trà Dơn</name><description>Trà Dơn, Trà My | Tọa độ nguồn: 15014', 108000'. Chưa xác minh datum và vị trí.</description><Point><coordinates>108.000000000,15.233333333,0</coordinates></Point></Placemark><Placemark><name>Trà Bồng</name><description>Trà Xuân , Trà Bồng | Tọa độ nguồn: 15015', 108032'. Chưa xác minh datum và vị trí.</description><Point><coordinates>108.533333333,15.250000000,0</coordinates></Point></Placemark><Placemark><name>Sơn Hà</name><description>Sơn Lăng, Sơn Hà | Tọa độ nguồn: 15002', 108028'. Chưa xác minh datum và vị trí.</description><Point><coordinates>108.466666667,15.033333333,0</coordinates></Point></Placemark><Placemark><name>Mộ Đức</name><description>TT.Đồng Cát, Mộ Đức | Tọa độ nguồn: 15002', 108053'. Chưa xác minh datum và vị trí.</description><Point><coordinates>108.883333333,15.033333333,0</coordinates></Point></Placemark><Placemark><name>Minh Long</name><description>Long Hiệp, Minh Long | Tọa độ nguồn: 14056', 108043'. Chưa xác minh datum và vị trí.</description><Point><coordinates>108.716666667,14.933333333,0</coordinates></Point></Placemark><Placemark><name>Giá Vực</name><description>Ba Vì, Ba Tơ | Tọa độ nguồn: 14042', 108034'. Chưa xác minh datum và vị trí.</description><Point><coordinates>108.566666667,14.700000000,0</coordinates></Point></Placemark><Placemark><name>Đức Phổ</name><description>TT.Đức Phổ, Đức Phổ | Tọa độ nguồn: 14048', 108058'. Chưa xác minh datum và vị trí.</description><Point><coordinates>108.966666667,14.800000000,0</coordinates></Point></Placemark><Placemark><name>Sa Huỳnh</name><description>Phổ Trạnh, Đức Phổ | Tọa độ nguồn: 14040', 109004'. Chưa xác minh datum và vị trí.</description><Point><coordinates>109.066666667,14.666666667,0</coordinates></Point></Placemark><Placemark><name>Sơn Muà</name><description>Sơn Mùa, Sơn Tây | Tọa độ nguồn: 15000', 108020'. Chưa xác minh datum và vị trí.</description><Point><coordinates>108.333333333,15.000000000,0</coordinates></Point></Placemark><Placemark><name>Sơn Ba</name><description>Sơn Ba, Sơn Hà | Tọa độ nguồn: 14050', 108032'. Chưa xác minh datum và vị trí.</description><Point><coordinates>108.533333333,14.833333333,0</coordinates></Point></Placemark><Placemark><name>Trà Phong</name><description>Trà Phong, Trà Bồng | Tọa độ nguồn: 15010', 108022'. Chưa xác minh datum và vị trí.</description><Point><coordinates>108.366666667,15.166666667,0</coordinates></Point></Placemark><Placemark><name>Ba Lòng</name><description>Ba Lòng, Đa KRông | Tọa độ nguồn: 16039', 107001'. Chưa xác minh datum và vị trí.</description><Point><coordinates>107.016666667,16.650000000,0</coordinates></Point></Placemark><Placemark><name>Tà Rụt</name><description>Tà Rụt, Đa KRông | Tọa độ nguồn: 16025', 107000'. Chưa xác minh datum và vị trí.</description><Point><coordinates>107.000000000,16.416666667,0</coordinates></Point></Placemark><Placemark><name>Vĩnh Ô</name><description>Vĩnh Ô, Vĩnh Linh | Tọa độ nguồn: 16055', 106048'. Chưa xác minh datum và vị trí.</description><Point><coordinates>106.800000000,16.916666667,0</coordinates></Point></Placemark><Placemark><name>Hướng Sơn</name><description>Hướng Sơn, Hướng Hóa | Tọa độ nguồn: 16050', 106040'. Chưa xác minh datum và vị trí.</description><Point><coordinates>106.666666667,16.833333333,0</coordinates></Point></Placemark><Placemark><name>Hướng Hiệp</name><description>Hướng Hiệp, Đa Krông | Tọa độ nguồn: 16046', 106052'. Chưa xác minh datum và vị trí.</description><Point><coordinates>106.866666667,16.766666667,0</coordinates></Point></Placemark><Placemark><name>Tà Long</name><description>Tà Long, Đa Krông | Tọa độ nguồn: 16032', 106057'. Chưa xác minh datum và vị trí.</description><Point><coordinates>106.950000000,16.533333333,0</coordinates></Point></Placemark><Placemark><name>Hải Sơn</name><description>Hải Sơn, Hải Lăng | Tọa độ nguồn: 16036', 107012'. Chưa xác minh datum và vị trí.</description><Point><coordinates>107.200000000,16.600000000,0</coordinates></Point></Placemark><Placemark><name>Hồ Xá</name><description>TT.Hồ Xá, Vĩnh Linh | Tọa độ nguồn: 17004', 107001'. Chưa xác minh datum và vị trí.</description><Point><coordinates>107.016666667,17.066666667,0</coordinates></Point></Placemark><Placemark><name>Hoà Bắc</name><description>Tà Lang, Hòa Bắc | Tọa độ nguồn: 16007', 107057'. Chưa xác minh datum và vị trí.</description><Point><coordinates>107.950000000,16.116666667,0</coordinates></Point></Placemark><Placemark><name>Hoà Phú</name><description>Hòa Phú, Hòa Vang | Tọa độ nguồn: 15058', 108002'. Chưa xác minh datum và vị trí.</description><Point><coordinates>108.033333333,15.966666667,0</coordinates></Point></Placemark><Placemark><name>Bồng Sơn</name><description>Bồng Sơn, Hòai Nhơn | Tọa độ nguồn: 14026', 109002'. Chưa xác minh datum và vị trí.</description><Point><coordinates>109.033333333,14.433333333,0</coordinates></Point></Placemark><Placemark><name>Hoài Ân</name><description>Tăng.B.Hổ, Hoài Ân | Tọa độ nguồn: 14022', 108053'. Chưa xác minh datum và vị trí.</description><Point><coordinates>108.883333333,14.366666667,0</coordinates></Point></Placemark><Placemark><name>Vĩnh Kim</name><description>Vĩnh Kim, Vĩnh Thạnh | Tọa độ nguồn: 14014', 108046'. Chưa xác minh datum và vị trí.</description><Point><coordinates>108.766666667,14.233333333,0</coordinates></Point></Placemark><Placemark><name>Định Bình</name><description>Định Bình, Vĩnh Thạnh | Tọa độ nguồn: 14008', 108048'. Chưa xác minh datum và vị trí.</description><Point><coordinates>108.800000000,14.133333333,0</coordinates></Point></Placemark><Placemark><name>Đề Gi</name><description>Cát Minh, Phù Cát | Tọa độ nguồn: 14007', 109010'. Chưa xác minh datum và vị trí.</description><Point><coordinates>109.166666667,14.116666667,0</coordinates></Point></Placemark><Placemark><name>Phù Cát</name><description>Mỹ Quang, Phù Cát | Tọa độ nguồn: 14000', 109004'. Chưa xác minh datum và vị trí.</description><Point><coordinates>109.066666667,14.000000000,0</coordinates></Point></Placemark><Placemark><name>Vân Canh</name><description>Canh Thuận , Vân Canh | Tọa độ nguồn: 13037', 109000'. Chưa xác minh datum và vị trí.</description><Point><coordinates>109.000000000,13.616666667,0</coordinates></Point></Placemark><Placemark><name>An Toàn</name><description>An Toàn, An Lão | Tọa độ nguồn: 14027', 108042'. Chưa xác minh datum và vị trí.</description><Point><coordinates>108.700000000,14.450000000,0</coordinates></Point></Placemark><Placemark><name>Nhơn Tân</name><description>Nhơn Tân, An Nhơn | Tọa độ nguồn: 13048', 109000'. Chưa xác minh datum và vị trí.</description><Point><coordinates>109.000000000,13.800000000,0</coordinates></Point></Placemark><Placemark><name>Mỹ Quang</name><description>Mỹ Quang, Phù Mỹ | Tọa độ nguồn: 14010', 109003'. Chưa xác minh datum và vị trí.</description><Point><coordinates>109.050000000,14.166666667,0</coordinates></Point></Placemark><Placemark><name>Cù Mông</name><description>Xuân Lộc, Sông Cầu | Tọa độ nguồn: 13040', 109011'. Chưa xác minh datum và vị trí.</description><Point><coordinates>109.183333333,13.666666667,0</coordinates></Point></Placemark><Placemark><name>Sông Cầu</name><description>Sông Cầu, Sông Cầu | Tọa độ nguồn: 13027', 109016'. Chưa xác minh datum và vị trí.</description><Point><coordinates>109.266666667,13.450000000,0</coordinates></Point></Placemark><Placemark><name>Hoà Đồng</name><description>Hoà Đồng, Tuy Hòa | Tọa độ nguồn: 12058', 109014'. Chưa xác minh datum và vị trí.</description><Point><coordinates>109.233333333,12.966666667,0</coordinates></Point></Placemark><Placemark><name>Phú Lạc</name><description>Hoà.H.Nam, Tuy Hòa | Tọa độ nguồn: 12057', 109024'. Chưa xác minh datum và vị trí.</description><Point><coordinates>109.400000000,12.950000000,0</coordinates></Point></Placemark><Placemark><name>Sơn Thành</name><description>Sơn Thành, Tuy Hòa | Tọa độ nguồn: 12056', 109001'. Chưa xác minh datum và vị trí.</description><Point><coordinates>109.016666667,12.933333333,0</coordinates></Point></Placemark><Placemark><name>Hoà Định Tây</name><description>Hoà Định Tây, T.X Tuy Hòa | Tọa độ nguồn: 13001', 109009'. Chưa xác minh datum và vị trí.</description><Point><coordinates>109.150000000,13.016666667,0</coordinates></Point></Placemark><Placemark><name>Hòa Mỹ Tây</name><description>Hòa Mỹ Tây, Tuy Hòa | Tọa độ nguồn: 12052', 109009'. Chưa xác minh datum và vị trí.</description><Point><coordinates>109.150000000,12.866666667,0</coordinates></Point></Placemark><Placemark><name>Ea Trol</name><description>Ea Trol, Sông Hinh | Tọa độ nguồn: 12053', 108052'. Chưa xác minh datum và vị trí.</description><Point><coordinates>108.866666667,12.883333333,0</coordinates></Point></Placemark><Placemark><name>Sơn Long</name><description>Sơn Long, Sơn Hòa | Tọa độ nguồn: 13012', 109008'. Chưa xác minh datum và vị trí.</description><Point><coordinates>109.133333333,13.200000000,0</coordinates></Point></Placemark><Placemark><name>Sơn Hội</name><description>Sơn Hội, Sơn Hòa | Tọa độ nguồn: 13015', 108056'. Chưa xác minh datum và vị trí.</description><Point><coordinates>108.933333333,13.250000000,0</coordinates></Point></Placemark><Placemark><name>Phú Tiến</name><description>Phú Mỡ, Đồng Xuân | Tọa độ nguồn: 13026', 108055'. Chưa xác minh datum và vị trí.</description><Point><coordinates>108.916666667,13.433333333,0</coordinates></Point></Placemark><Placemark><name>Cảng Vũng Rô</name><description>Hoà Xuân Nam, Tuy Hòa | Tọa độ nguồn: 12052', 109024'. Chưa xác minh datum và vị trí.</description><Point><coordinates>109.400000000,12.866666667,0</coordinates></Point></Placemark><Placemark><name>S.PhaKm72</name><description>Lâm Sơn, Ninh Sơn | Tọa độ nguồn: 11050', 108042'. Chưa xác minh datum và vị trí.</description><Point><coordinates>108.700000000,11.833333333,0</coordinates></Point></Placemark><Placemark><name>Nha Hố</name><description>Nhơn Sơn, Ninh Sơn | Tọa độ nguồn: 11042', 108054'. Chưa xác minh datum và vị trí.</description><Point><coordinates>108.900000000,11.700000000,0</coordinates></Point></Placemark><Placemark><name>Ba Tháp</name><description>Tân Hải, Ninh Hải | Tọa độ nguồn: 11042', 109003'. Chưa xác minh datum và vị trí.</description><Point><coordinates>109.050000000,11.700000000,0</coordinates></Point></Placemark><Placemark><name>Phan Rang</name><description>Phước Mỹ, Phan Rang | Tọa độ nguồn: 11034', 108059'. Chưa xác minh datum và vị trí.</description><Point><coordinates>108.983333333,11.566666667,0</coordinates></Point></Placemark><Placemark><name>Nhị Hà</name><description>Nhị Hà, Ninh Phước | Tọa độ nguồn: 11028', 108040'. Chưa xác minh datum và vị trí.</description><Point><coordinates>108.666666667,11.466666667,0</coordinates></Point></Placemark><Placemark><name>Quán Thẻ</name><description>Phước Nam, Ninh Phước | Tọa độ nguồn: 11026', 108054'. Chưa xác minh datum và vị trí.</description><Point><coordinates>108.900000000,11.433333333,0</coordinates></Point></Placemark><Placemark><name>Cà Ná</name><description>Phước Diêm, Ninh Phước | Tọa độ nguồn: 11021', 108052'. Chưa xác minh datum và vị trí.</description><Point><coordinates>108.866666667,11.350000000,0</coordinates></Point></Placemark><Placemark><name>Phước Bình</name><description>Phước Bình, Bắc Ái | Tọa độ nguồn: 12000', 108045'. Chưa xác minh datum và vị trí.</description><Point><coordinates>108.750000000,12.000000000,0</coordinates></Point></Placemark><Placemark><name>Phước Đại</name><description>Phước Đại, Bắc Ái | Tọa độ nguồn: 11050', 108057'. Chưa xác minh datum và vị trí.</description><Point><coordinates>108.950000000,11.833333333,0</coordinates></Point></Placemark><Placemark><name>Ma Nới</name><description>Ma Nới, Ninh Sơn | Tọa độ nguồn: 11035', 108037'. Chưa xác minh datum và vị trí.</description><Point><coordinates>108.616666667,11.583333333,0</coordinates></Point></Placemark><Placemark><name>Phước Hà</name><description>Phước Hoà, Ninh Phước | Tọa độ nguồn: 11031', 108047'. Chưa xác minh datum và vị trí.</description><Point><coordinates>108.783333333,11.516666667,0</coordinates></Point></Placemark><Placemark><name>Sông Mao</name><description>Sông Mao, Bắc Bình | Tọa độ nguồn: 11015', 108030'. Chưa xác minh datum và vị trí.</description><Point><coordinates>108.500000000,11.250000000,0</coordinates></Point></Placemark><Placemark><name>Liên Hương</name><description>Liên Hương, Tuy Phong | Tọa độ nguồn: 11014', 108043'. Chưa xác minh datum và vị trí.</description><Point><coordinates>108.716666667,11.233333333,0</coordinates></Point></Placemark><Placemark><name>Mê Pu</name><description>Mê Pu, Đức Linh | Tọa độ nguồn: 11014', 107038'. Chưa xác minh datum và vị trí.</description><Point><coordinates>107.633333333,11.233333333,0</coordinates></Point></Placemark><Placemark><name>Đông Giang</name><description>Đông Giang , Hàm T.Bắc | Tọa độ nguồn: 11013', 108000'. Chưa xác minh datum và vị trí.</description><Point><coordinates>108.000000000,11.216666667,0</coordinates></Point></Placemark><Placemark><name>La Ngâu</name><description>La Ngâu, Tánh Linh | Tọa độ nguồn: 11011', 107047'. Chưa xác minh datum và vị trí.</description><Point><coordinates>107.783333333,11.183333333,0</coordinates></Point></Placemark><Placemark><name>Võ Xu</name><description>Võ Xu, Đức Linh | Tọa độ nguồn: 11011', 107036'. Chưa xác minh datum và vị trí.</description><Point><coordinates>107.600000000,11.183333333,0</coordinates></Point></Placemark><Placemark><name>Ma Lâm</name><description>Ma Lâm, Hàm T.Bắc | Tọa độ nguồn: 11006', 108003'. Chưa xác minh datum và vị trí.</description><Point><coordinates>108.050000000,11.100000000,0</coordinates></Point></Placemark><Placemark><name>Bầu Trắng</name><description>Hoà Thắng, Bắc Bình | Tọa độ nguồn: 11004', 108025'. Chưa xác minh datum và vị trí.</description><Point><coordinates>108.416666667,11.066666667,0</coordinates></Point></Placemark><Placemark><name>Suối Kiết</name><description>Suối Kiết, Tánh Linh | Tọa độ nguồn: 11003', 107042'. Chưa xác minh datum và vị trí.</description><Point><coordinates>107.700000000,11.050000000,0</coordinates></Point></Placemark><Placemark><name>Hàm Cường</name><description>Hàm Cường, Hàm Thuận Nam | Tọa độ nguồn: 10053', 107053'. Chưa xác minh datum và vị trí.</description><Point><coordinates>107.883333333,10.883333333,0</coordinates></Point></Placemark><Placemark><name>Mũi Né</name><description>Mũi Né, Phan Thiết | Tọa độ nguồn: 10056', 108017'. Chưa xác minh datum và vị trí.</description><Point><coordinates>108.283333333,10.933333333,0</coordinates></Point></Placemark><Placemark><name>Kê Già</name><description>Tân Thành , Hàm Thuận Nam | Tọa độ nguồn: 10043', 108000'. Chưa xác minh datum và vị trí.</description><Point><coordinates>108.000000000,10.716666667,0</coordinates></Point></Placemark><Placemark><name>Ngã BaKm46</name><description>Tân Nghĩa, Hàm Tân | Tọa độ nguồn: 10050', 107044'. Chưa xác minh datum và vị trí.</description><Point><coordinates>107.733333333,10.833333333,0</coordinates></Point></Placemark><Placemark><name>Mỹ Thạnh</name><description>Sông Cà Ty, Hàm Thuận Bắc | Tọa độ nguồn: 11002', 108001'. Chưa xác minh datum và vị trí.</description><Point><coordinates>108.016666667,11.033333333,0</coordinates></Point></Placemark><Placemark><name>Phan Sơn</name><description>Phan Sơn, Bắc Bình | Tọa độ nguồn: 11028', 108019'. Chưa xác minh datum và vị trí.</description><Point><coordinates>108.316666667,11.466666667,0</coordinates></Point></Placemark><Placemark><name>Phan Dũng</name><description>Phan Dũng, Tuy Phong | Tọa độ nguồn: 11027', 108040'. Chưa xác minh datum và vị trí.</description><Point><coordinates>108.666666667,11.450000000,0</coordinates></Point></Placemark><Placemark><name>Phượng Hoàng</name><description>Ninh Sim, Ninh Hòa | Tọa độ nguồn: 12034', 108054'. Chưa xác minh datum và vị trí.</description><Point><coordinates>108.900000000,12.566666667,0</coordinates></Point></Placemark><Placemark><name>Hòn Bà</name><description>Khánh Phú, Khánh Vĩnh | Tọa độ nguồn: 12008', 108057'. Chưa xác minh datum và vị trí.</description><Point><coordinates>108.950000000,12.133333333,0</coordinates></Point></Placemark><Placemark><name>Đá Bàn</name><description>Ninh Sơn, Ninh Hòa | Tọa độ nguồn: 12044', 109006'. Chưa xác minh datum và vị trí.</description><Point><coordinates>109.100000000,12.733333333,0</coordinates></Point></Placemark><Placemark><name>Ninh Tây</name><description>Sông Cái, Ninh Hòa | Tọa độ nguồn: 12038', 108057'. Chưa xác minh datum và vị trí.</description><Point><coordinates>108.950000000,12.633333333,0</coordinates></Point></Placemark><Placemark><name>Khánh Thượng</name><description>Khánh Thượng, Khánh Vĩnh | Tọa độ nguồn: 12020', 108046'. Chưa xác minh datum và vị trí.</description><Point><coordinates>108.766666667,12.333333333,0</coordinates></Point></Placemark><Placemark><name>Ninh Thượng</name><description>Ninh Thượng, Ninh Hòa | Tọa độ nguồn: 12034', 109003'. Chưa xác minh datum và vị trí.</description><Point><coordinates>109.050000000,12.566666667,0</coordinates></Point></Placemark><Placemark><name>Hòn Khói</name><description>Ninh Thọ, Ninh Hòa | Tọa độ nguồn: 12033', 109013'. Chưa xác minh datum và vị trí.</description><Point><coordinates>109.216666667,12.550000000,0</coordinates></Point></Placemark><Placemark><name>Khánh Vĩnh</name><description>Khánh Vĩnh, Khánh Vĩnh | Tọa độ nguồn: 12017', 108055'. Chưa xác minh datum và vị trí.</description><Point><coordinates>108.916666667,12.283333333,0</coordinates></Point></Placemark><Placemark><name>Khánh Sơn</name><description>Tô Hạp , Khánh Sơn | Tọa độ nguồn: 12001', 108058'. Chưa xác minh datum và vị trí.</description><Point><coordinates>108.966666667,12.016666667,0</coordinates></Point></Placemark><Placemark><name>Vạn Bình</name><description>Vạn Bình, Vạn Ninh | Tọa độ nguồn: 12047', 109013'. Chưa xác minh datum và vị trí.</description><Point><coordinates>109.216666667,12.783333333,0</coordinates></Point></Placemark><Placemark><name>Ninh Tân</name><description>Ninh Tân, Ninh Hòa | Tọa độ nguồn: 12026', 109002'. Chưa xác minh datum và vị trí.</description><Point><coordinates>109.033333333,12.433333333,0</coordinates></Point></Placemark><Placemark><name>Sơn Tân</name><description>Sơn Tân, Cam Ranh | Tọa độ nguồn: 12005', 109006'. Chưa xác minh datum và vị trí.</description><Point><coordinates>109.100000000,12.083333333,0</coordinates></Point></Placemark><Placemark><name>Bình Chánh</name><description>Bình Chánh | Tọa độ nguồn: 10040', 106034'. Chưa xác minh datum và vị trí.</description><Point><coordinates>106.566666667,10.666666667,0</coordinates></Point></Placemark><Placemark><name>Lê Minh Xuân</name><description>Lê Minh Xuân, Bình Chánh | Tọa độ nguồn: 10045', 106034'. Chưa xác minh datum và vị trí.</description><Point><coordinates>106.566666667,10.750000000,0</coordinates></Point></Placemark><Placemark><name>Cần Giờ</name><description>Cần Thạnh, Cần Giờ | Tọa độ nguồn: 10024', 106059'. Chưa xác minh datum và vị trí.</description><Point><coordinates>106.983333333,10.400000000,0</coordinates></Point></Placemark><Placemark><name>Tam Thôn Hiệp</name><description>Tam Thôn Hiệp, Cần Giờ | Tọa độ nguồn: 10034', 106053'. Chưa xác minh datum và vị trí.</description><Point><coordinates>106.883333333,10.566666667,0</coordinates></Point></Placemark><Placemark><name>Cát Lái</name><description>Thạnh Mỹ Lợi, Quận 2 | Tọa độ nguồn: 10045', 106047'. Chưa xác minh datum và vị trí.</description><Point><coordinates>106.783333333,10.750000000,0</coordinates></Point></Placemark><Placemark><name>Củ Chi</name><description>Tân Thông Hội, Củ Chi | Tọa độ nguồn: 10058', 106029'. Chưa xác minh datum và vị trí.</description><Point><coordinates>106.483333333,10.966666667,0</coordinates></Point></Placemark><Placemark><name>An Phú</name><description>An Phú, Củ Chi | Tọa độ nguồn: 11007', 106028'. Chưa xác minh datum và vị trí.</description><Point><coordinates>106.466666667,11.116666667,0</coordinates></Point></Placemark><Placemark><name>Hóc Môn</name><description>Hóc Môn, Hóc Môn | Tọa độ nguồn: 10053', 106036'. Chưa xác minh datum và vị trí.</description><Point><coordinates>106.600000000,10.883333333,0</coordinates></Point></Placemark><Placemark><name>Thủ Đức</name><description>Phước Long, Quận 9 | Tọa độ nguồn: 10050', 106045'. Chưa xác minh datum và vị trí.</description><Point><coordinates>106.750000000,10.833333333,0</coordinates></Point></Placemark><Placemark><name>Nhà Bè</name><description>Phú Xuân, Nhà Bè | Tọa độ nguồn: 10040', 106046'. Chưa xác minh datum và vị trí.</description><Point><coordinates>106.766666667,10.666666667,0</coordinates></Point></Placemark><Placemark><name>Cẩm Mỹ</name><description>Xuân Mỹ, Long Khánh | Tọa độ nguồn: 10046', 107015'. Chưa xác minh datum và vị trí.</description><Point><coordinates>107.250000000,10.766666667,0</coordinates></Point></Placemark><Placemark><name>Long Thành</name><description>TT.Long Thành, Long Thành | Tọa độ nguồn: 10045', 106056'. Chưa xác minh datum và vị trí.</description><Point><coordinates>106.933333333,10.750000000,0</coordinates></Point></Placemark><Placemark><name>Túc Trưng</name><description>Túc Trưng, Định Quán | Tọa độ nguồn: 11005', 107012'. Chưa xác minh datum và vị trí.</description><Point><coordinates>107.200000000,11.083333333,0</coordinates></Point></Placemark><Placemark><name>Gia Ray</name><description>TT.Xuân Lộc, Xuân Lộc | Tọa độ nguồn: 10056', 107026'. Chưa xác minh datum và vị trí.</description><Point><coordinates>107.433333333,10.933333333,0</coordinates></Point></Placemark><Placemark><name>Đắc Lua</name><description>Đắc Lua, Tân Phú | Tọa độ nguồn: 11027', 107018'. Chưa xác minh datum và vị trí.</description><Point><coordinates>107.300000000,11.450000000,0</coordinates></Point></Placemark><Placemark><name>Tam Bung</name><description>Định Quán, Định Quán | Tọa độ nguồn: 11012', 107021'. Chưa xác minh datum và vị trí.</description><Point><coordinates>107.350000000,11.200000000,0</coordinates></Point></Placemark><Placemark><name>Vĩnh Cửu</name><description>Vĩnh An, Vĩnh Cửu | Tọa độ nguồn: 11007', 107002'. Chưa xác minh datum và vị trí.</description><Point><coordinates>107.033333333,11.116666667,0</coordinates></Point></Placemark><Placemark><name>Hoà Bình</name><description>Phú Thạnh, Nhơn Trạch | Tọa độ nguồn: 10042', 106050'. Chưa xác minh datum và vị trí.</description><Point><coordinates>106.833333333,10.700000000,0</coordinates></Point></Placemark><Placemark><name>Suối Sai</name><description>Suối Sai, Vĩnh Cửu  | Tọa độ nguồn: 11018', 107004'. Chưa xác minh datum và vị trí.</description><Point><coordinates>107.066666667,11.300000000,0</coordinates></Point></Placemark><Placemark><name>Hưng Nghĩa</name><description>Hưng Lộc, Thống Nhất | Tọa độ nguồn: 10056', 107007'. Chưa xác minh datum và vị trí.</description><Point><coordinates>107.116666667,10.933333333,0</coordinates></Point></Placemark><Placemark><name>Tân Phú</name><description>TT. Tân Phú, Tân Phú | Tọa độ nguồn: 11015', 107027'. Chưa xác minh datum và vị trí.</description><Point><coordinates>107.450000000,11.250000000,0</coordinates></Point></Placemark><Placemark><name>Bù Đăng</name><description>TT.Đức Phong, Bù Đăng | Tọa độ nguồn: 11048', 107015'. Chưa xác minh datum và vị trí.</description><Point><coordinates>107.250000000,11.800000000,0</coordinates></Point></Placemark><Placemark><name>Bù Đốp</name><description>Thiện Hưng, Lộc Ninh | Tọa độ nguồn: 11050', 106036'. Chưa xác minh datum và vị trí.</description><Point><coordinates>106.600000000,11.833333333,0</coordinates></Point></Placemark><Placemark><name>Bù Nho</name><description>Bù Nho, Phước Long | Tọa độ nguồn: 11043', 106052'. Chưa xác minh datum và vị trí.</description><Point><coordinates>106.866666667,11.716666667,0</coordinates></Point></Placemark><Placemark><name>Bình Long</name><description>An Lộc, Bình Long | Tọa độ nguồn: 11038', 106036'. Chưa xác minh datum và vị trí.</description><Point><coordinates>106.600000000,11.633333333,0</coordinates></Point></Placemark><Placemark><name>Chơn Thành</name><description>TT.Chơn Thành, Bình Long | Tọa độ nguồn: 11024', 106037'. Chưa xác minh datum và vị trí.</description><Point><coordinates>106.616666667,11.400000000,0</coordinates></Point></Placemark><Placemark><name>Thọ Sơn</name><description>Thọ Sơn , Bù Đăng | Tọa độ nguồn: 11054', 107019'. Chưa xác minh datum và vị trí.</description><Point><coordinates>107.316666667,11.900000000,0</coordinates></Point></Placemark><Placemark><name>Tân Lập</name><description>Tân Lập, Đông Phú | Tọa độ nguồn: 11024', 106049'. Chưa xác minh datum và vị trí.</description><Point><coordinates>106.816666667,11.400000000,0</coordinates></Point></Placemark><Placemark><name>Đắk Ơ</name><description>Đắk Ơ, Phước Long | Tọa độ nguồn: 12003', 107004'. Chưa xác minh datum và vị trí.</description><Point><coordinates>107.066666667,12.050000000,0</coordinates></Point></Placemark><Placemark><name>Long Bình</name><description>Long Bình, Phước Long | Tọa độ nguồn: 11053', 106049'. Chưa xác minh datum và vị trí.</description><Point><coordinates>106.816666667,11.883333333,0</coordinates></Point></Placemark><Placemark><name>Nghĩa Trung</name><description>Nghĩa Trung, Bù Đăng | Tọa độ nguồn: 11034', 107010'. Chưa xác minh datum và vị trí.</description><Point><coordinates>107.166666667,11.566666667,0</coordinates></Point></Placemark><Placemark><name>Lộc Ninh</name><description>TT.Lộc Ninh, Lộc Ninh | Tọa độ nguồn: 11049', 106035'. Chưa xác minh datum và vị trí.</description><Point><coordinates>106.583333333,11.816666667,0</coordinates></Point></Placemark><Placemark><name>Lạc An</name><description>Lạc An, Tân Uyên | Tọa độ nguồn: 11010', 106055'. Chưa xác minh datum và vị trí.</description><Point><coordinates>106.916666667,11.166666667,0</coordinates></Point></Placemark><Placemark><name>Bến Cát</name><description>Mỹ Phước, Bến Cát | Tọa độ nguồn: 11009', 106035'. Chưa xác minh datum và vị trí.</description><Point><coordinates>106.583333333,11.150000000,0</coordinates></Point></Placemark><Placemark><name>Tân Uyên</name><description>Uyên Hưng, Tân Uyên | Tọa độ nguồn: 11003', 106048'. Chưa xác minh datum và vị trí.</description><Point><coordinates>106.800000000,11.050000000,0</coordinates></Point></Placemark><Placemark><name>Phú Giáo</name><description>Phước Vĩnh, Phú Giáo | Tọa độ nguồn: 11018', 106048'. Chưa xác minh datum và vị trí.</description><Point><coordinates>106.800000000,11.300000000,0</coordinates></Point></Placemark><Placemark><name>Ấp 3</name><description>Minh Tân, Dầu Tiếng | Tọa độ nguồn: 11023', 106027'. Chưa xác minh datum và vị trí.</description><Point><coordinates>106.450000000,11.383333333,0</coordinates></Point></Placemark><Placemark><name>Đồng Ban</name><description>TT.Tân Châu, Tân Châu | Tọa độ nguồn: 11033', 106010'. Chưa xác minh datum và vị trí.</description><Point><coordinates>106.166666667,11.550000000,0</coordinates></Point></Placemark><Placemark><name>Kà Tum</name><description>Tân Đông, Tân Châu | Tọa độ nguồn: 11040', 106013'. Chưa xác minh datum và vị trí.</description><Point><coordinates>106.216666667,11.666666667,0</coordinates></Point></Placemark><Placemark><name>Núi Bà</name><description>Thạnh Tân, Hòa Thành | Tọa độ nguồn: 11024', 106009'. Chưa xác minh datum và vị trí.</description><Point><coordinates>106.150000000,11.400000000,0</coordinates></Point></Placemark><Placemark><name>Đồi 95</name><description>Tân Hoà, Tân Châu | Tọa độ nguồn: 11035', 106020'. Chưa xác minh datum và vị trí.</description><Point><coordinates>106.333333333,11.583333333,0</coordinates></Point></Placemark><Placemark><name>Bến Sỏi</name><description>Trí Bình, Châu Thành | Tọa độ nguồn: 11017', 106001'. Chưa xác minh datum và vị trí.</description><Point><coordinates>106.016666667,11.283333333,0</coordinates></Point></Placemark><Placemark><name>Hồ Dầu Tiếng</name><description>Phước Minh, Dương Minh Châu | Tọa độ nguồn: 11023', 106014'. Chưa xác minh datum và vị trí.</description><Point><coordinates>106.233333333,11.383333333,0</coordinates></Point></Placemark><Placemark><name>Trảng Bàng</name><description>Trảng Bàng, Trảng Bàng | Tọa độ nguồn: 11002', 106022'. Chưa xác minh datum và vị trí.</description><Point><coordinates>106.366666667,11.033333333,0</coordinates></Point></Placemark><Placemark><name>Thạnh Bắc</name><description>Thạnh Bắc, Tân Biên | Tọa độ nguồn: 11043', 106003'. Chưa xác minh datum và vị trí.</description><Point><coordinates>106.050000000,11.716666667,0</coordinates></Point></Placemark><Placemark><name>Bà Đét</name><description>Phước Vinh, Châu Thành | Tọa độ nguồn: 11022', 105055'. Chưa xác minh datum và vị trí.</description><Point><coordinates>105.916666667,11.366666667,0</coordinates></Point></Placemark><Placemark><name>Ấp 5</name><description>Trà Vong, Tân Biên | Tọa độ nguồn: 11025', 106006'. Chưa xác minh datum và vị trí.</description><Point><coordinates>106.100000000,11.416666667,0</coordinates></Point></Placemark><Placemark><name>Ấp 1</name><description>Bàu Đồn, Gò Dầu | Tọa độ nguồn: 11010', 106019'. Chưa xác minh datum và vị trí.</description><Point><coordinates>106.316666667,11.166666667,0</coordinates></Point></Placemark><Placemark><name>Tiên Thuận</name><description>Tiên Thuận, Bến Cầu | Tọa độ nguồn: 11008', 106008'. Chưa xác minh datum và vị trí.</description><Point><coordinates>106.133333333,11.133333333,0</coordinates></Point></Placemark><Placemark><name>Cần Đước</name><description>TT.Cần Đước, Cần Đước | Tọa độ nguồn: 10036', 106040'. Chưa xác minh datum và vị trí.</description><Point><coordinates>106.666666667,10.600000000,0</coordinates></Point></Placemark><Placemark><name>Đức Hoà</name><description>TT.Hậu Nghĩa, Đức Hòa | Tọa độ nguồn: 10054', 106024'. Chưa xác minh datum và vị trí.</description><Point><coordinates>106.400000000,10.900000000,0</coordinates></Point></Placemark><Placemark><name>Vĩnh Hưng</name><description>TT.Vĩnh Hưng, Vĩnh Hưng | Tọa độ nguồn: 10053', 105048'. Chưa xác minh datum và vị trí.</description><Point><coordinates>105.800000000,10.883333333,0</coordinates></Point></Placemark><Placemark><name>Tân Hưng</name><description>Tân Hưng, Tân Hưng | Tọa độ nguồn: 10052', 105040'. Chưa xác minh datum và vị trí.</description><Point><coordinates>105.666666667,10.866666667,0</coordinates></Point></Placemark><Placemark><name>Thạnh Hoá</name><description>Thạnh Hoá, Thạnh Hóa | Tọa độ nguồn: 10039', 106009'. Chưa xác minh datum và vị trí.</description><Point><coordinates>106.150000000,10.650000000,0</coordinates></Point></Placemark><Placemark><name>Tân Thành</name><description>Tân Thành, Thủ Thừa | Tọa độ nguồn: 10044', 106020'. Chưa xác minh datum và vị trí.</description><Point><coordinates>106.333333333,10.733333333,0</coordinates></Point></Placemark><Placemark><name>Cái Bè</name><description>TT.Cái Bè, Cái Bè | Tọa độ nguồn: 10020', 106002'. Chưa xác minh datum và vị trí.</description><Point><coordinates>106.033333333,10.333333333,0</coordinates></Point></Placemark><Placemark><name>Chợ Gạo</name><description>TT.Chợ Gạo, Chợ Gạo | Tọa độ nguồn: 10021', 106028'. Chưa xác minh datum và vị trí.</description><Point><coordinates>106.466666667,10.350000000,0</coordinates></Point></Placemark><Placemark><name>Châu Thành</name><description>TT.Tân Hiệp, Châu Thành | Tọa độ nguồn: 10026', 106021'. Chưa xác minh datum và vị trí.</description><Point><coordinates>106.350000000,10.433333333,0</coordinates></Point></Placemark><Placemark><name>Hậu Mỹ Bắc</name><description>Hậu Mỹ Bắc A, Cái Bè | Tọa độ nguồn: 10027', 105058'. Chưa xác minh datum và vị trí.</description><Point><coordinates>105.966666667,10.450000000,0</coordinates></Point></Placemark><Placemark><name>Mỹ Phước</name><description>TT.Mỹ Phước, Tân Phước | Tọa độ nguồn: 10028', 106012'. Chưa xác minh datum và vị trí.</description><Point><coordinates>106.200000000,10.466666667,0</coordinates></Point></Placemark><Placemark><name>Phú Mỹ</name><description>Phú Mỹ, Tân Phước | Tọa độ nguồn: 10033', 106022'. Chưa xác minh datum và vị trí.</description><Point><coordinates>106.366666667,10.550000000,0</coordinates></Point></Placemark><Placemark><name>An Hữu</name><description>An Hữu, Cái Bè | Tọa độ nguồn: 10020', 105054'. Chưa xác minh datum và vị trí.</description><Point><coordinates>105.900000000,10.333333333,0</coordinates></Point></Placemark><Placemark><name>Gò Công Đông</name><description>Tân Hoà, Gò Công Đông | Tọa độ nguồn: 10019', 106043'. Chưa xác minh datum và vị trí.</description><Point><coordinates>106.716666667,10.316666667,0</coordinates></Point></Placemark><Placemark><name>Trà Vinh</name><description>TX.Trà Vinh, Trà Vinh | Tọa độ nguồn: 9056', 106020'. Chưa xác minh datum và vị trí.</description><Point><coordinates>106.333333333,9.933333333,0</coordinates></Point></Placemark><Placemark><name>Cầu Ngang</name><description>Cầu Ngang, Cầu Ngang | Tọa độ nguồn: 9048', 106027'. Chưa xác minh datum và vị trí.</description><Point><coordinates>106.450000000,9.800000000,0</coordinates></Point></Placemark><Placemark><name>Cầu Kè</name><description>Cầu Kè, Cầu Kè | Tọa độ nguồn: 9053', 106003'. Chưa xác minh datum và vị trí.</description><Point><coordinates>106.050000000,9.883333333,0</coordinates></Point></Placemark><Placemark><name>Tiểu Cần</name><description>Phú Cần, Tiểu Cần | Tọa độ nguồn: 9049', 106012'. Chưa xác minh datum và vị trí.</description><Point><coordinates>106.200000000,9.816666667,0</coordinates></Point></Placemark><Placemark><name>Trà Cú</name><description>TT.Trà Cú, Trà Cú | Tọa độ nguồn: 9041', 106016'. Chưa xác minh datum và vị trí.</description><Point><coordinates>106.266666667,9.683333333,0</coordinates></Point></Placemark><Placemark><name>Ô Môn</name><description>TT.Ô Môn, Ô Môn | Tọa độ nguồn: 10007', 105038'. Chưa xác minh datum và vị trí.</description><Point><coordinates>105.633333333,10.116666667,0</coordinates></Point></Placemark><Placemark><name>Rạch Gòi</name><description>Thạnh Xuân, Châu Thành A | Tọa độ nguồn: 9054', 105040'. Chưa xác minh datum và vị trí.</description><Point><coordinates>105.666666667,9.900000000,0</coordinates></Point></Placemark><Placemark><name>Thốt Nốt</name><description>TT.Thốt Nốt, Thốt Nốt | Tọa độ nguồn: 10016', 105032'. Chưa xác minh datum và vị trí.</description><Point><coordinates>105.533333333,10.266666667,0</coordinates></Point></Placemark><Placemark><name>Thạnh Phú</name><description>Thạnh Phú, Thốt Nốt | Tọa độ nguồn: 10008', 105027'. Chưa xác minh datum và vị trí.</description><Point><coordinates>105.450000000,10.133333333,0</coordinates></Point></Placemark><Placemark><name>Kế Sách</name><description>TT.Kế Sách, Kế Sách | Tọa độ nguồn: 9046', 105059'. Chưa xác minh datum và vị trí.</description><Point><coordinates>105.983333333,9.766666667,0</coordinates></Point></Placemark><Placemark><name>Long Phú</name><description>TT.Long Phú, Long Phú | Tọa độ nguồn: 9036', 106008'. Chưa xác minh datum và vị trí.</description><Point><coordinates>106.133333333,9.600000000,0</coordinates></Point></Placemark><Placemark><name>Mỹ Tú</name><description>TT.Huỳnh Hữu Nghĩa, Mỹ Tú | Tọa độ nguồn: 9038', 105049'. Chưa xác minh datum và vị trí.</description><Point><coordinates>105.816666667,9.633333333,0</coordinates></Point></Placemark><Placemark><name>Khánh Hoà</name><description>Khánh Hoà, Vĩnh Châu | Tọa độ nguồn: 9025', 106000'. Chưa xác minh datum và vị trí.</description><Point><coordinates>106.000000000,9.416666667,0</coordinates></Point></Placemark><Placemark><name>Hoà Đức</name><description>Hoà Tú 1, Mỹ Xuyên | Tọa độ nguồn: 9028', 105054'. Chưa xác minh datum và vị trí.</description><Point><coordinates>105.900000000,9.466666667,0</coordinates></Point></Placemark><Placemark><name>Thạnh Trị</name><description>Thạnh Trị, Thạnh Trị | Tọa độ nguồn: 9026', 105042'. Chưa xác minh datum và vị trí.</description><Point><coordinates>105.700000000,9.433333333,0</coordinates></Point></Placemark><Placemark><name>Châu Thành</name><description>TT.Caí Tàu Hạ, Châu Thành | Tọa độ nguồn: 10017', 105051'. Chưa xác minh datum và vị trí.</description><Point><coordinates>105.850000000,10.283333333,0</coordinates></Point></Placemark><Placemark><name>Hồng Ngự</name><description>TT.Hồng Ngự, Hồng Ngự | Tọa độ nguồn: 10051', 105021'. Chưa xác minh datum và vị trí.</description><Point><coordinates>105.350000000,10.850000000,0</coordinates></Point></Placemark><Placemark><name>Mỹ Thọ</name><description>Mỹ Thọ, Cao Lãnh | Tọa độ nguồn: 10025', 105043'. Chưa xác minh datum và vị trí.</description><Point><coordinates>105.716666667,10.416666667,0</coordinates></Point></Placemark><Placemark><name>Sa Đéc</name><description>Phường1, Sa Đéc | Tọa độ nguồn: 10018', 105047'. Chưa xác minh datum và vị trí.</description><Point><coordinates>105.783333333,10.300000000,0</coordinates></Point></Placemark><Placemark><name>Thanh Bình</name><description>TT.Thanh Bình, Thanh Bình | Tọa độ nguồn: 10033', 105029'. Chưa xác minh datum và vị trí.</description><Point><coordinates>105.483333333,10.550000000,0</coordinates></Point></Placemark><Placemark><name>Tam Nông</name><description>Tràm Chim, Tam Nông | Tọa độ nguồn: 10040', 105034'. Chưa xác minh datum và vị trí.</description><Point><coordinates>105.566666667,10.666666667,0</coordinates></Point></Placemark><Placemark><name>Tân Hồng</name><description>Sa Rài, Tân Hồng | Tọa độ nguồn: 10052', 105028'. Chưa xác minh datum và vị trí.</description><Point><coordinates>105.466666667,10.866666667,0</coordinates></Point></Placemark><Placemark><name>Lai Vung</name><description>TT.Lai Vung, Lai Vung | Tọa độ nguồn: 10018', 105040'. Chưa xác minh datum và vị trí.</description><Point><coordinates>105.666666667,10.300000000,0</coordinates></Point></Placemark><Placemark><name>Mỹ An</name><description>Mỹ An, Tháp Mười | Tọa độ nguồn: 10033', 105053'. Chưa xác minh datum và vị trí.</description><Point><coordinates>105.883333333,10.550000000,0</coordinates></Point></Placemark><Placemark><name>Hội An</name><description>Hội An, Chợ Mới | Tọa độ nguồn: 10025', 105033'. Chưa xác minh datum và vị trí.</description><Point><coordinates>105.550000000,10.416666667,0</coordinates></Point></Placemark><Placemark><name>Núi Sập</name><description>TT.Núi Sập, Thoại Sơn | Tọa độ nguồn: 10016', 105016'. Chưa xác minh datum và vị trí.</description><Point><coordinates>105.266666667,10.266666667,0</coordinates></Point></Placemark><Placemark><name>Vĩnh.T.Trung</name><description>Vĩnh Thạnh Trung, Châu Phú | Tọa độ nguồn: 10036', 105012'. Chưa xác minh datum và vị trí.</description><Point><coordinates>105.200000000,10.600000000,0</coordinates></Point></Placemark><Placemark><name>Thới Sơn</name><description>TT.Nhà Bàng, Tịnh Biên | Tọa độ nguồn: 10037', 105000'. Chưa xác minh datum và vị trí.</description><Point><coordinates>105.000000000,10.616666667,0</coordinates></Point></Placemark><Placemark><name>Tân Phú</name><description>Tân Phú, Châu Thành | Tọa độ nguồn: 10023', 105010'. Chưa xác minh datum và vị trí.</description><Point><coordinates>105.166666667,10.383333333,0</coordinates></Point></Placemark><Placemark><name>Châu Thành</name><description>An Châu, Châu Thành | Tọa độ nguồn: 10027', 105022'. Chưa xác minh datum và vị trí.</description><Point><coordinates>105.366666667,10.450000000,0</coordinates></Point></Placemark><Placemark><name>An Biên</name><description>TT.Thứ Ba, An Biên | Tọa độ nguồn: 9049', 105003'. Chưa xác minh datum và vị trí.</description><Point><coordinates>105.050000000,9.816666667,0</coordinates></Point></Placemark><Placemark><name>Gò Quao</name><description>TT.Gò Quao, Gò Quao | Tọa độ nguồn: 9044', 105017'. Chưa xác minh datum và vị trí.</description><Point><coordinates>105.283333333,9.733333333,0</coordinates></Point></Placemark><Placemark><name>Giồng Riềng</name><description>Thạnh Hưng, Giồng Riềng | Tọa độ nguồn: 9054', 105019'. Chưa xác minh datum và vị trí.</description><Point><coordinates>105.316666667,9.900000000,0</coordinates></Point></Placemark><Placemark><name>Kiên Lương</name><description>TT.Kiên Lương, Kiên Lương | Tọa độ nguồn: 10017', 104039'. Chưa xác minh datum và vị trí.</description><Point><coordinates>104.650000000,10.283333333,0</coordinates></Point></Placemark><Placemark><name>Tri Tôn</name><description>TT.Hòn Đất, Hòn Đất | Tọa độ nguồn: 10016', 104050'. Chưa xác minh datum và vị trí.</description><Point><coordinates>104.833333333,10.266666667,0</coordinates></Point></Placemark><Placemark><name>Vĩnh Hoà Hưng</name><description>Hưng Nam, Gò Quao | Tọa độ nguồn: 9045', 105023'. Chưa xác minh datum và vị trí.</description><Point><coordinates>105.383333333,9.750000000,0</coordinates></Point></Placemark><Placemark><name>Vĩnh Thuận</name><description>TT.Vĩnh Thuận, Vĩnh Thuận | Tọa độ nguồn: 9030', 105015'. Chưa xác minh datum và vị trí.</description><Point><coordinates>105.250000000,9.500000000,0</coordinates></Point></Placemark><Placemark><name>An Ninh</name><description>TT.Thứ 11, An Minh | Tọa độ nguồn: 9038', 104058'. Chưa xác minh datum và vị trí.</description><Point><coordinates>104.966666667,9.633333333,0</coordinates></Point></Placemark><Placemark><name>Hà Tiên</name><description>TT.Hà Tiên | Tọa độ nguồn: 10023', 104029'. Chưa xác minh datum và vị trí.</description><Point><coordinates>104.483333333,10.383333333,0</coordinates></Point></Placemark><Placemark><name>Đầm Dơi</name><description>TT.Đầm Dơi, Đầm Dơi | Tọa độ nguồn: 9000', 105012'. Chưa xác minh datum và vị trí.</description><Point><coordinates>105.200000000,9.000000000,0</coordinates></Point></Placemark><Placemark><name>Phú Tân</name><description>Phú Tân, Cái Nước | Tọa độ nguồn: 8053', 104053'. Chưa xác minh datum và vị trí.</description><Point><coordinates>104.883333333,8.883333333,0</coordinates></Point></Placemark><Placemark><name>Khánh Hưng</name><description>Khánh Hưng, Trần Văn Thời | Tọa độ nguồn: 9010', 104055'. Chưa xác minh datum và vị trí.</description><Point><coordinates>104.916666667,9.166666667,0</coordinates></Point></Placemark><Placemark><name>Thới Bình</name><description>TT.Thới Bình, Thới Bình | Tọa độ nguồn: 9021', 105005'. Chưa xác minh datum và vị trí.</description><Point><coordinates>105.083333333,9.350000000,0</coordinates></Point></Placemark><Placemark><name>Trần Văn Thời</name><description>TT.Trần Văn Thời, Trần Văn Thời | Tọa độ nguồn: 9003', 104058'. Chưa xác minh datum và vị trí.</description><Point><coordinates>104.966666667,9.050000000,0</coordinates></Point></Placemark><Placemark><name>Viễn An Đông</name><description>Viên An Đông, Ngọc Hiển | Tọa độ nguồn: 8041', 104057'. Chưa xác minh datum và vị trí.</description><Point><coordinates>104.950000000,8.683333333,0</coordinates></Point></Placemark><Placemark><name>Cái Nước</name><description>TT.Cái Nước, Cái Nước | Tọa độ nguồn: 8056', 105002'. Chưa xác minh datum và vị trí.</description><Point><coordinates>105.033333333,8.933333333,0</coordinates></Point></Placemark><Placemark><name>NT.Đông Hải</name><description>Vĩnh Hậu, Vĩnh Lợi | Tọa độ nguồn: 9012', 105040'. Chưa xác minh datum và vị trí.</description><Point><coordinates>105.666666667,9.200000000,0</coordinates></Point></Placemark><Placemark><name>Giá Rai</name><description>TT.Giá Rai, Giá Rai | Tọa độ nguồn: 9014', 105028'. Chưa xác minh datum và vị trí.</description><Point><coordinates>105.466666667,9.233333333,0</coordinates></Point></Placemark><Placemark><name>Ngăn Dừa</name><description>TT.Ngăn Dừa, Hồng Dân | Tọa độ nguồn: 9034', 105028'. Chưa xác minh datum và vị trí.</description><Point><coordinates>105.466666667,9.566666667,0</coordinates></Point></Placemark><Placemark><name>Long Điền Tây</name><description>Long Điền Tây, Giá Rai | Tọa độ nguồn: 9007', 105025'. Chưa xác minh datum và vị trí.</description><Point><coordinates>105.416666667,9.116666667,0</coordinates></Point></Placemark><Placemark><name>Giồng Trôm</name><description>Bình Thành , Giồng Trôm | Tọa độ nguồn: 10007', 106032'. Chưa xác minh datum và vị trí.</description><Point><coordinates>106.533333333,10.116666667,0</coordinates></Point></Placemark><Placemark><name>Hương Mỹ</name><description>Hương Mỹ, Mỏ Cày | Tọa độ nguồn: 9058', 106024'. Chưa xác minh datum và vị trí.</description><Point><coordinates>106.400000000,9.966666667,0</coordinates></Point></Placemark><Placemark><name>Mỏ Cày</name><description>TT.Mỏ Cày, Mỏ Cày | Tọa độ nguồn: 10007', 106020'. Chưa xác minh datum và vị trí.</description><Point><coordinates>106.333333333,10.116666667,0</coordinates></Point></Placemark><Placemark><name>Châu Thành</name><description>Châu Thành, Châu Thành | Tọa độ nguồn: 10018', 106022'. Chưa xác minh datum và vị trí.</description><Point><coordinates>106.366666667,10.300000000,0</coordinates></Point></Placemark><Placemark><name>Thạnh Phú</name><description>Thạnh Phú, Thạnh Phú | Tọa độ nguồn: 9057', 106031'. Chưa xác minh datum và vị trí.</description><Point><coordinates>106.516666667,9.950000000,0</coordinates></Point></Placemark><Placemark><name>Ấp 6</name><description>Tân Thành, TX.Bà Rịa | Tọa độ nguồn: 10037', 107009'. Chưa xác minh datum và vị trí.</description><Point><coordinates>107.150000000,10.616666667,0</coordinates></Point></Placemark><Placemark><name>Bình Ba</name><description>Bình Ba, Châu Đức | Tọa độ nguồn: 10038', 107013'. Chưa xác minh datum và vị trí.</description><Point><coordinates>107.216666667,10.633333333,0</coordinates></Point></Placemark><Placemark><name>Tân Thành</name><description>Phước Hòa, Tân Thành | Tọa độ nguồn: 10031', 107003'. Chưa xác minh datum và vị trí.</description><Point><coordinates>107.050000000,10.516666667,0</coordinates></Point></Placemark><Placemark><name>Long Điền</name><description>Long Điền, Long Đất | Tọa độ nguồn: 10029', 107013'. Chưa xác minh datum và vị trí.</description><Point><coordinates>107.216666667,10.483333333,0</coordinates></Point></Placemark><Placemark><name>Kim Long</name><description>Kim Long, Châu Đức | Tọa độ nguồn: 10043', 107014'. Chưa xác minh datum và vị trí.</description><Point><coordinates>107.233333333,10.716666667,0</coordinates></Point></Placemark><Placemark><name>Đội 3</name><description>Bầu Lâm, Xuyên Mộc | Tọa độ nguồn: 10040', 107026'. Chưa xác minh datum và vị trí.</description><Point><coordinates>107.433333333,10.666666667,0</coordinates></Point></Placemark><Placemark><name>Xuyên Mộc</name><description>TT.Phước Bửu, Xuyên Mộc | Tọa độ nguồn: 10032', 107022'. Chưa xác minh datum và vị trí.</description><Point><coordinates>107.366666667,10.533333333,0</coordinates></Point></Placemark><Placemark><name>Trà Ôn</name><description>TT.Trà Ôn, Trà Ôn | Tọa độ nguồn: 9058', 105055'. Chưa xác minh datum và vị trí.</description><Point><coordinates>105.916666667,9.966666667,0</coordinates></Point></Placemark><Placemark><name>Vũng Liêm</name><description>Vũng Liêm, Vũng Liêm | Tọa độ nguồn: 10006', 106011'. Chưa xác minh datum và vị trí.</description><Point><coordinates>106.183333333,10.100000000,0</coordinates></Point></Placemark><Placemark><name>Măng Thít</name><description>Cái Nhum, Măng Thít | Tọa độ nguồn: 10011', 106007'. Chưa xác minh datum và vị trí.</description><Point><coordinates>106.116666667,10.183333333,0</coordinates></Point></Placemark><Placemark><name>Bình Minh</name><description>Cái Vồn, Bình Minh | Tọa độ nguồn: 10004', 105049'. Chưa xác minh datum và vị trí.</description><Point><coordinates>105.816666667,10.066666667,0</coordinates></Point></Placemark><Placemark><name>Tam Bình</name><description>Tam Bình, Tam Bình | Tọa độ nguồn: 10003', 106000'. Chưa xác minh datum và vị trí.</description><Point><coordinates>106.000000000,10.050000000,0</coordinates></Point></Placemark><Placemark><name>Long Mỹ</name><description>Long Mỹ, Long Mỹ | Tọa độ nguồn: 9040', 105036'. Chưa xác minh datum và vị trí.</description><Point><coordinates>105.600000000,9.666666667,0</coordinates></Point></Placemark><Placemark><name>Sa Thầy</name><description>TT.Sa Thầy, Sa Thầy | Tọa độ nguồn: 14025', 107047'. Chưa xác minh datum và vị trí.</description><Point><coordinates>107.783333333,14.416666667,0</coordinates></Point></Placemark><Placemark><name>Đăc Uy</name><description>Đắc Uy, Đắc Hà | Tọa độ nguồn: 14035', 108003'. Chưa xác minh datum và vị trí.</description><Point><coordinates>108.050000000,14.583333333,0</coordinates></Point></Placemark><Placemark><name>Đak Lỗ</name><description>Ngok Tem, Kon Plông | Tọa độ nguồn: 14043', 108022'. Chưa xác minh datum và vị trí.</description><Point><coordinates>108.366666667,14.716666667,0</coordinates></Point></Placemark><Placemark><name>Nước Gia</name><description>Đắk Ring, Kon Plông | Tọa độ nguồn: 14057', 108013'. Chưa xác minh datum và vị trí.</description><Point><coordinates>108.216666667,14.950000000,0</coordinates></Point></Placemark><Placemark><name>Đak Ong</name><description>Măng Xăng, Đắc Tô | Tọa độ nguồn: 14054', 107055'. Chưa xác minh datum và vị trí.</description><Point><coordinates>107.916666667,14.900000000,0</coordinates></Point></Placemark><Placemark><name>Đak Pxi</name><description>ĐakPxi, Đak Hà | Tọa độ nguồn: 14046', 108005'. Chưa xác minh datum và vị trí.</description><Point><coordinates>108.083333333,14.766666667,0</coordinates></Point></Placemark><Placemark><name>Đak Xú</name><description>Đak Xú, Ngọc Hồi | Tọa độ nguồn: 14045', 107036'. Chưa xác minh datum và vị trí.</description><Point><coordinates>107.600000000,14.750000000,0</coordinates></Point></Placemark><Placemark><name>Xóm Mới</name><description>Mô Rai, Sa Thầy | Tọa độ nguồn: 14024', 107032'. Chưa xác minh datum và vị trí.</description><Point><coordinates>107.533333333,14.400000000,0</coordinates></Point></Placemark><Placemark><name>Mô Rai</name><description>Mô Rai, Sa Thầy | Tọa độ nguồn: 14010', 107031'. Chưa xác minh datum và vị trí.</description><Point><coordinates>107.516666667,14.166666667,0</coordinates></Point></Placemark><Placemark><name>Đăk Glei</name><description>Dăk Pék, Đăk Glei | Tọa độ nguồn: 15004', 107044'. Chưa xác minh datum và vị trí.</description><Point><coordinates>107.733333333,15.066666667,0</coordinates></Point></Placemark><Placemark><name>Kon PLông</name><description>Tân Lập, Kon Plông | Tọa độ nguồn: 14028', 108012'. Chưa xác minh datum và vị trí.</description><Point><coordinates>108.200000000,14.466666667,0</coordinates></Point></Placemark><Placemark><name>ĐakĐoa</name><description>Đak Đoa, Mang Yang | Tọa độ nguồn: 14000', 108008'. Chưa xác minh datum và vị trí.</description><Point><coordinates>108.133333333,14.000000000,0</coordinates></Point></Placemark><Placemark><name>Biển Hồ</name><description>TX.PleiKu, Pleiku | Tọa độ nguồn: 14003', 108001'. Chưa xác minh datum và vị trí.</description><Point><coordinates>108.016666667,14.050000000,0</coordinates></Point></Placemark><Placemark><name>Kon Dong</name><description>TT.Mang Yang, Mang Yang | Tọa độ nguồn: 14003', 108017'. Chưa xác minh datum và vị trí.</description><Point><coordinates>108.283333333,14.050000000,0</coordinates></Point></Placemark><Placemark><name>KBang</name><description>KaNat, KBang | Tọa độ nguồn: 14010', 108037'. Chưa xác minh datum và vị trí.</description><Point><coordinates>108.616666667,14.166666667,0</coordinates></Point></Placemark><Placemark><name>Chư PRông</name><description>ChưPRông, ChưPrông | Tọa độ nguồn: 13039', 107051'. Chưa xác minh datum và vị trí.</description><Point><coordinates>107.850000000,13.650000000,0</coordinates></Point></Placemark><Placemark><name>Chư Sê</name><description>Chư Sê, Chư Sê | Tọa độ nguồn: 13042', 108005'. Chưa xác minh datum và vị trí.</description><Point><coordinates>108.083333333,13.700000000,0</coordinates></Point></Placemark><Placemark><name>Đak Sơ Mei</name><description>Đak Sơ Mei, Đak Đoa | Tọa độ nguồn: 14012', 108010'. Chưa xác minh datum và vị trí.</description><Point><coordinates>108.166666667,14.200000000,0</coordinates></Point></Placemark><Placemark><name>Ia Krai</name><description>Ia Grai, Ia Grai | Tọa độ nguồn: 14003, 107041. Chưa xác minh datum và vị trí.</description><Point><coordinates>107.683333333,14.050000000,0</coordinates></Point></Placemark><Placemark><name>Yang Nam</name><description>Yang Nam, Kông Chro | Tọa độ nguồn: 13040, 108031. Chưa xác minh datum và vị trí.</description><Point><coordinates>108.516666667,13.666666667,0</coordinates></Point></Placemark><Placemark><name>Ia Mơ</name><description>Ia Mơ, Chư Prông | Tọa độ nguồn: 13027, 107043. Chưa xác minh datum và vị trí.</description><Point><coordinates>107.716666667,13.450000000,0</coordinates></Point></Placemark><Placemark><name>KRong</name><description>KRong, KBang | Tọa độ nguồn: 14019', 108026'. Chưa xác minh datum và vị trí.</description><Point><coordinates>108.433333333,14.316666667,0</coordinates></Point></Placemark><Placemark><name>An Trung</name><description>An Trung, Kông Chro | Tọa độ nguồn: 13050', 108029'. Chưa xác minh datum và vị trí.</description><Point><coordinates>108.483333333,13.833333333,0</coordinates></Point></Placemark><Placemark><name>Kon Chiêng</name><description>Kon Chiêng, Mang Yang | Tọa độ nguồn: 13047', 108017'. Chưa xác minh datum và vị trí.</description><Point><coordinates>108.283333333,13.783333333,0</coordinates></Point></Placemark><Placemark><name>Phú Thiện</name><description>Chư A Thai, AYunpa | Tọa độ nguồn: 13033', 108017'. Chưa xác minh datum và vị trí.</description><Point><coordinates>108.283333333,13.550000000,0</coordinates></Point></Placemark><Placemark><name>Krông Pa</name><description>Phú Cần, Krông Pa | Tọa độ nguồn: 13018', 108042'. Chưa xác minh datum và vị trí.</description><Point><coordinates>108.700000000,13.300000000,0</coordinates></Point></Placemark><Placemark><name>EakNốp</name><description>EaKNốp, Eakar | Tọa độ nguồn: 12048', 108027'. Chưa xác minh datum và vị trí.</description><Point><coordinates>108.450000000,12.800000000,0</coordinates></Point></Placemark><Placemark><name>Krông Bông</name><description>Krông Bông, Krông Bông | Tọa độ nguồn: 12033', 108024'. Chưa xác minh datum và vị trí.</description><Point><coordinates>108.400000000,12.550000000,0</coordinates></Point></Placemark><Placemark><name>EahDing</name><description>EATar, Cư Mga | Tọa độ nguồn: 12054', 108007'. Chưa xác minh datum và vị trí.</description><Point><coordinates>108.116666667,12.900000000,0</coordinates></Point></Placemark><Placemark><name>EaBung</name><description>Ea Bung, Ea Súp | Tọa độ nguồn: 13010', 107039'. Chưa xác minh datum và vị trí.</description><Point><coordinates>107.650000000,13.166666667,0</coordinates></Point></Placemark><Placemark><name>Đăk Wil</name><description>Đăk Wil, Cư Gút | Tọa độ nguồn: 12041', 107040'. Chưa xác minh datum và vị trí.</description><Point><coordinates>107.666666667,12.683333333,0</coordinates></Point></Placemark><Placemark><name>Quảng Sơn</name><description>Quảng Sơn, Đăk Nông | Tọa độ nguồn: 12012', 107046'. Chưa xác minh datum và vị trí.</description><Point><coordinates>107.766666667,12.200000000,0</coordinates></Point></Placemark><Placemark><name>Đăk Plao</name><description>Đăk Plao, Đặkz Nông | Tọa độ nguồn: 11052', 108000'. Chưa xác minh datum và vị trí.</description><Point><coordinates>108.000000000,11.866666667,0</coordinates></Point></Placemark><Placemark><name>Ea Sô</name><description>Ea Sô, Ea Kar | Tọa độ nguồn: 12058', 108033'. Chưa xác minh datum và vị trí.</description><Point><coordinates>108.550000000,12.966666667,0</coordinates></Point></Placemark><Placemark><name>EaSup</name><description>EaSup | Tọa độ nguồn: 13004', 107053'. Chưa xác minh datum và vị trí.</description><Point><coordinates>107.883333333,13.066666667,0</coordinates></Point></Placemark><Placemark><name>Lạc Dương</name><description>Lát, Lạc Dương, Lạc Dương | Tọa độ nguồn: 12003', 108025'. Chưa xác minh datum và vị trí.</description><Point><coordinates>108.416666667,12.050000000,0</coordinates></Point></Placemark><Placemark><name>Suối Vàng</name><description>Suối Vàng, Lạc Dương | Tọa độ nguồn: 11059', 108022'. Chưa xác minh datum và vị trí.</description><Point><coordinates>108.366666667,11.983333333,0</coordinates></Point></Placemark><Placemark><name>Thạnh Mỹ</name><description>Thạnh Mỹ, Đơn Dương | Tọa độ nguồn: 11046', 108030'. Chưa xác minh datum và vị trí.</description><Point><coordinates>108.500000000,11.766666667,0</coordinates></Point></Placemark><Placemark><name>Đạ Tẻh</name><description>TT.Đạ Tẻh, Đạ Tẻh | Tọa độ nguồn: 11034', 107030'. Chưa xác minh datum và vị trí.</description><Point><coordinates>107.500000000,11.566666667,0</coordinates></Point></Placemark><Placemark><name>Đạ Chay</name><description>Đạ Chay, Lạc Dương | Tọa độ nguồn: 12007', 108035'. Chưa xác minh datum và vị trí.</description><Point><coordinates>108.583333333,12.116666667,0</coordinates></Point></Placemark><Placemark><name>Gung Ré</name><description>Gung Ré, Di Linh | Tọa độ nguồn: 11030', 108004'. Chưa xác minh datum và vị trí.</description><Point><coordinates>108.066666667,11.500000000,0</coordinates></Point></Placemark><Placemark><name>Nam Ban</name><description>Nam Ban, Lâm Hà | Tọa độ nguồn: 11051', 108020'. Chưa xác minh datum và vị trí.</description><Point><coordinates>108.333333333,11.850000000,0</coordinates></Point></Placemark><Placemark><name>Đam Rông</name><description>Đam Rông, Lạc Dương | Tọa độ nguồn: 12010', 108016'. Chưa xác minh datum và vị trí.</description><Point><coordinates>108.266666667,12.166666667,0</coordinates></Point></Placemark><Placemark><name>Đạ M' Ri</name><description>Đạ M'Ri, Đạ Huoai | Tọa độ nguồn: 11025, 107039. Chưa xác minh datum và vị trí.</description><Point><coordinates>107.650000000,11.416666667,0</coordinates></Point></Placemark><Placemark><name>Đình Lạc</name><description>Di Linh, Di Linh | Tọa độ nguồn: 11037, 108008. Chưa xác minh datum và vị trí.</description><Point><coordinates>108.133333333,11.616666667,0</coordinates></Point></Placemark><Placemark><name>Lộc Bảo</name><description>Lộc Bảo, Bảo Lâm | Tọa độ nguồn: 11049', 107041'. Chưa xác minh datum và vị trí.</description><Point><coordinates>107.683333333,11.816666667,0</coordinates></Point></Placemark><Placemark><name>Lộc Ngãi</name><description>Lộc Ngãi, Bảo Lâm | Tọa độ nguồn: 11043', 107056'. Chưa xác minh datum và vị trí.</description><Point><coordinates>107.933333333,11.716666667,0</coordinates></Point></Placemark><Placemark><name>Quảng Trị</name><description>Quảng Trị, Đạ Tẻh | Tọa độ nguồn: 11036', 107038'. Chưa xác minh datum và vị trí.</description><Point><coordinates>107.633333333,11.600000000,0</coordinates></Point></Placemark><Placemark><name>Phú Mỹ</name><description>Phú Sơn, Lâm Hà | Tọa độ nguồn: 11054', 108012'. Chưa xác minh datum và vị trí.</description><Point><coordinates>108.200000000,11.900000000,0</coordinates></Point></Placemark><Placemark><name>Gia Bắc</name><description>Gia Bắc, Di Linh | Tọa độ nguồn: 11020', 108008'. Chưa xác minh datum và vị trí.</description><Point><coordinates>108.133333333,11.333333333,0</coordinates></Point></Placemark><Placemark><name>Di Linh</name><description>Di Linh | Tọa độ nguồn: 11034', 108004'. Chưa xác minh datum và vị trí.</description><Point><coordinates>108.066666667,11.566666667,0</coordinates></Point></Placemark><Placemark><name>Đắc Rlấp</name><description>Quảng Tân, Đắc Rlấp | Tọa độ nguồn: 12001, 107031. Chưa xác minh datum và vị trí.</description><Point><coordinates>107.516666667,12.016666667,0</coordinates></Point></Placemark><Placemark><name>Krông Nô</name><description>Đăk Rỗ, Krông Nô | Tọa độ nguồn: 12025, 107051. Chưa xác minh datum và vị trí.</description><Point><coordinates>107.850000000,12.416666667,0</coordinates></Point></Placemark></Folder></Document></kml>